Cow ID,Breed,Age,Weight (kg),Lactation Stage,Daily Feed (kg),Protein %,Fat %,Fiber %,Milk Yield (L/day),Milk Fat %,Temp (Â°C),Humidity (%)
001,Guernsey,8,652.73,Late,24.53,15.37,4.05,28.2,28.81,4.03,23.78,56.45
002,Holstein,4,503.92,Mid,16.36,16.81,4.3,13.09,18.19,3.95,23.87,49.46
003,Guernsey,4,653.6,Early,15.49,19.5,7.85,22.54,18.1,4.34,25.79,69.2
004,Guernsey,8,615.99,Early,15.87,14.49,6.67,10.58,16.89,3.51,26.18,45.27
005,Holstein,9,711.94,Late,21.67,14.0,6.5,22.87,24.31,3.62,22.72,67.21
006,Holstein,6,442.79,Late,19.13,17.23,7.26,15.54,21.31,3.69,19.96,73.7
007,Guernsey,5,704.41,Late,24.33,16.95,3.58,18.99,27.9,3.78,27.56,49.14
008,Jersey,9,616.51,Late,29.89,14.66,6.53,16.91,32.83,4.27,19.65,74.66
009,Guernsey,8,785.2,Mid,20.79,19.42,5.52,13.46,23.57,4.99,22.61,41.33
010,Guernsey,7,536.75,Early,23.61,18.76,7.15,22.44,27.48,4.48,21.02,76.51
011,Guernsey,3,653.05,Late,21.23,13.79,5.54,27.64,24.38,3.59,27.83,44.73
012,Guernsey,5,772.81,Mid,27.71,13.91,6.1,29.18,31.99,4.29,21.48,65.83
013,Holstein,5,441.0,Late,28.53,16.1,5.39,13.85,31.48,4.24,20.79,50.0
014,Guernsey,4,774.89,Late,28.16,18.19,5.39,24.35,33.14,3.72,25.35,73.46
015,Jersey,5,675.15,Early,29.62,12.35,6.84,23.29,32.75,4.88,24.04,60.49
016,Holstein,8,427.13,Late,15.41,17.55,6.14,16.87,17.4,4.16,16.61,45.41
017,Jersey,7,520.39,Early,27.6,17.19,6.17,10.38,30.17,4.99,22.62,62.84
018,Jersey,7,683.27,Early,26.28,13.85,5.25,23.8,29.73,4.13,26.03,56.32
019,Jersey,2,426.94,Early,18.43,17.45,5.66,28.91,21.95,4.41,29.88,66.46
020,Jersey,7,632.87,Mid,29.34,19.52,6.73,22.64,34.47,3.66,24.44,75.28
021,Holstein,9,538.35,Mid,17.22,12.37,7.13,18.71,18.63,4.18,20.55,56.38
022,Holstein,7,648.37,Early,25.19,14.56,6.48,20.5,28.1,3.86,18.39,51.6
023,Jersey,4,418.3,Late,18.37,15.51,7.62,13.99,19.97,4.75,28.09,40.58
024,Jersey,7,748.61,Early,21.47,19.19,7.1,25.01,25.37,4.68,27.22,62.99
025,Holstein,2,789.4,Late,25.79,19.7,5.81,24.93,30.76,4.74,18.51,56.09
026,Holstein,3,787.55,Early,23.45,15.55,6.36,12.91,25.52,4.59,18.01,54.99
027,Holstein,8,699.86,Late,21.41,18.0,7.63,27.56,25.26,4.75,25.73,47.32
028,Guernsey,4,452.03,Mid,19.9,16.25,6.1,15.38,22.07,3.8,19.72,57.2
029,Guernsey,9,703.31,Late,27.59,16.3,7.12,29.65,32.44,4.18,19.6,79.38
030,Guernsey,3,409.83,Early,17.16,14.22,6.44,17.66,18.85,4.54,17.28,51.91
031,Jersey,4,408.85,Mid,21.45,13.74,5.76,13.56,23.09,4.46,18.96,63.99
032,Guernsey,6,529.44,Late,28.56,14.3,4.21,17.03,31.62,4.57,21.41,71.06
033,Jersey,5,595.46,Late,27.69,16.45,5.13,18.8,31.37,3.84,25.99,69.97
034,Jersey,6,708.16,Late,21.01,12.23,7.84,11.39,21.85,3.65,20.04,53.15
035,Guernsey,7,673.32,Late,26.45,19.26,6.29,21.56,30.92,4.88,19.93,64.43
036,Jersey,3,578.36,Late,27.35,13.25,5.82,21.95,30.44,4.34,19.27,74.85
037,Guernsey,7,509.45,Mid,28.33,13.76,7.66,24.78,31.82,3.73,22.17,40.62
038,Guernsey,5,798.85,Mid,23.17,16.15,5.93,10.58,25.13,4.69,17.71,57.43
039,Holstein,4,570.47,Mid,18.07,17.68,5.63,20.82,20.83,4.87,22.28,48.97
040,Guernsey,5,580.55,Mid,18.83,12.77,6.8,11.06,19.75,3.75,25.56,55.55
041,Holstein,2,465.45,Early,19.44,14.54,6.56,24.02,22.02,4.73,15.45,56.64
042,Guernsey,5,717.92,Mid,23.91,19.75,3.97,11.11,27.09,4.9,15.15,69.87
043,Guernsey,2,677.47,Late,15.49,14.1,5.36,28.23,17.9,4.91,16.13,43.75
044,Holstein,5,488.31,Late,24.54,14.5,5.36,24.04,27.94,4.87,23.03,60.5
045,Holstein,8,432.95,Mid,20.47,18.69,4.89,20.15,23.81,4.32,27.82,62.57
046,Guernsey,2,672.2,Late,19.43,12.4,5.59,18.83,21.18,4.03,15.07,59.77
047,Jersey,3,661.8,Mid,28.19,15.72,5.07,12.61,30.87,3.51,29.05,69.27
048,Holstein,7,509.3,Late,21.9,15.04,4.0,15.82,24.3,3.59,16.59,55.35
049,Jersey,9,780.35,Early,16.43,14.53,5.06,27.38,19.01,4.14,27.63,77.8
050,Jersey,7,460.42,Early,27.4,14.29,3.36,28.09,31.96,4.1,22.24,59.27
051,Jersey,6,572.93,Mid,15.71,12.73,5.88,10.01,16.46,3.78,24.89,62.85
052,Holstein,7,777.45,Mid,25.9,14.52,7.27,21.88,28.96,4.09,22.66,73.02
053,Jersey,4,567.89,Mid,26.61,12.34,6.63,24.39,29.6,3.76,22.16,51.01
054,Holstein,8,655.41,Late,20.29,18.25,4.8,22.37,23.75,4.77,27.52,43.01
055,Jersey,5,559.04,Mid,27.37,15.19,3.44,11.63,29.91,3.95,26.34,68.31
056,Guernsey,6,509.69,Early,22.73,15.55,4.01,14.35,25.17,4.4,22.25,59.32
057,Guernsey,4,793.59,Late,21.95,19.15,5.73,15.01,24.98,4.25,16.67,75.86
058,Holstein,4,563.73,Mid,15.68,17.26,4.04,26.63,18.59,3.58,16.73,79.31
059,Guernsey,2,757.64,Late,19.35,12.06,5.72,19.26,21.06,4.91,27.02,55.96
060,Guernsey,7,491.98,Late,28.97,19.55,4.16,19.74,33.99,4.29,22.94,56.62
061,Jersey,3,485.24,Mid,20.88,13.9,7.24,28.7,23.93,3.99,22.22,56.32
062,Holstein,9,412.45,Late,23.2,12.86,4.99,22.74,25.92,3.74,25.21,52.98
063,Jersey,3,660.67,Early,22.98,18.15,4.23,27.97,27.58,4.01,27.88,71.27
064,Jersey,6,547.41,Early,23.86,16.0,7.06,19.13,26.73,3.53,24.43,70.36
065,Jersey,8,745.74,Late,15.92,15.47,4.71,12.99,17.45,4.05,26.44,59.15
066,Jersey,3,589.28,Mid,20.43,14.0,3.56,28.6,23.81,4.3,26.48,41.79
067,Jersey,5,787.28,Late,25.85,16.38,5.85,19.17,29.22,4.81,20.34,52.38
068,Jersey,3,474.21,Early,18.01,14.2,5.91,13.63,19.46,4.53,19.11,51.69
069,Jersey,6,747.45,Late,18.05,19.21,6.57,16.05,20.57,3.67,27.02,72.44
070,Holstein,9,710.64,Late,15.15,13.72,4.2,11.02,16.23,3.72,20.66,43.5
071,Guernsey,3,708.37,Early,21.56,19.07,5.22,19.37,25.04,4.14,28.55,72.23
072,Jersey,5,737.91,Late,28.24,16.48,4.41,27.06,33.27,3.79,16.05,66.77
073,Jersey,2,704.41,Late,15.78,18.63,3.4,28.67,19.14,3.54,15.87,69.3
074,Jersey,8,650.49,Mid,17.87,17.7,7.38,28.65,21.15,4.71,28.91,57.29
075,Jersey,6,452.5,Mid,19.65,17.57,6.64,12.5,21.71,3.53,24.73,67.19
076,Jersey,2,413.01,Early,25.98,14.59,4.51,17.64,28.88,4.75,20.69,64.36
077,Jersey,2,768.34,Early,24.61,13.87,6.0,10.56,26.12,3.72,26.33,70.76
078,Guernsey,2,646.66,Early,21.24,13.69,4.01,27.1,24.48,4.96,25.08,57.87
079,Guernsey,4,718.61,Mid,26.39,18.86,7.45,17.18,30.01,4.41,22.97,58.91
080,Jersey,8,592.61,Early,24.14,18.56,3.57,22.62,28.51,4.6,16.48,65.74
081,Guernsey,9,446.92,Early,28.44,15.52,3.02,24.3,33.04,3.67,27.18,44.32
082,Holstein,7,450.07,Early,27.27,13.06,5.51,18.6,29.89,4.79,27.99,57.45
083,Jersey,8,674.23,Mid,18.79,15.06,5.92,16.13,20.7,4.76,17.58,78.88
084,Holstein,4,572.12,Late,19.07,16.95,5.89,29.24,22.62,4.48,27.76,41.5
085,Holstein,7,480.21,Early,16.88,15.64,3.27,29.29,20.03,4.25,28.17,52.64
086,Jersey,8,596.64,Late,20.05,18.24,4.57,15.79,22.83,4.58,23.24,52.56
087,Guernsey,2,425.68,Early,29.99,19.98,5.5,19.59,35.1,3.51,24.84,65.34
088,Holstein,6,632.79,Late,21.09,13.53,4.08,29.46,24.51,4.39,20.73,44.23
089,Jersey,7,507.6,Mid,18.31,15.68,7.36,10.1,19.6,4.77,19.23,65.14
090,Holstein,5,719.02,Mid,26.44,15.45,3.44,18.25,29.84,4.04,25.83,43.8
091,Holstein,5,524.14,Early,23.14,14.44,5.44,12.01,24.93,3.66,27.93,43.8
092,Holstein,3,582.09,Late,17.24,13.58,6.46,20.18,19.04,4.13,24.81,69.13
093,Holstein,7,404.65,Mid,20.71,12.53,4.31,10.49,21.87,4.59,22.67,52.97
094,Guernsey,6,428.98,Early,21.22,19.1,6.12,18.14,24.43,3.66,17.38,79.1
095,Holstein,9,557.0,Early,26.31,15.36,7.15,14.41,28.68,3.81,15.8,41.49
096,Holstein,4,591.98,Mid,15.31,15.98,3.95,20.67,17.51,3.72,21.69,57.8
097,Holstein,2,640.01,Mid,19.04,19.34,7.59,29.92,22.94,4.7,15.74,44.53
098,Guernsey,3,516.67,Early,22.76,18.21,5.77,26.01,26.93,3.59,23.54,54.06
099,Holstein,5,677.99,Late,19.03,13.04,4.5,26.91,21.74,4.53,20.74,79.93
100,Holstein,4,744.05,Late,24.43,16.52,5.15,22.71,28.17,4.05,26.36,75.55
101,Guernsey,4,711.94,Late,22.23,15.54,4.56,10.83,24.16,4.63,19.58,41.93
102,Guernsey,2,415.85,Early,20.43,18.38,6.63,14.14,22.91,4.95,23.89,62.53
103,Guernsey,9,592.2,Mid,29.24,17.79,6.98,28.5,34.66,3.67,23.07,65.91
104,Holstein,9,441.97,Early,24.48,17.52,7.16,17.32,27.56,3.97,15.07,48.38
105,Guernsey,7,496.82,Mid,16.95,14.72,7.93,12.07,18.1,4.72,16.09,45.8
106,Guernsey,5,794.67,Late,23.4,18.44,6.96,24.05,27.37,3.9,19.36,76.18
107,Holstein,9,457.0,Late,26.71,12.42,6.01,15.99,28.69,3.82,28.23,78.75
108,Guernsey,6,599.56,Mid,25.63,13.28,4.7,15.38,27.84,4.74,17.21,79.68
109,Holstein,9,647.26,Mid,17.58,14.68,5.72,29.96,20.53,4.98,25.66,71.59
110,Jersey,4,680.99,Early,29.59,12.61,3.21,27.16,33.91,4.34,29.6,66.54
111,Guernsey,2,623.86,Late,21.73,13.88,6.72,18.16,23.82,3.92,26.86,53.83
112,Jersey,6,403.91,Early,17.39,18.64,5.23,29.61,21.01,4.1,18.64,46.86
113,Holstein,7,530.58,Early,17.7,19.59,3.1,23.0,21.16,3.76,28.63,43.16
114,Guernsey,5,607.08,Early,16.47,14.44,3.31,24.84,18.97,4.64,16.4,67.73
115,Holstein,7,435.15,Late,27.05,14.12,4.94,10.63,28.93,4.66,22.02,71.39
116,Jersey,4,540.25,Early,16.83,14.24,5.92,12.43,18.09,4.81,28.31,73.06
117,Holstein,6,413.28,Early,16.88,14.22,5.32,22.66,19.06,3.54,24.62,76.55
118,Guernsey,6,431.43,Early,27.76,12.29,6.1,27.98,31.43,4.34,21.2,75.2
119,Guernsey,6,558.77,Early,20.17,19.42,5.4,22.47,23.79,3.82,19.39,79.99
120,Jersey,4,453.09,Early,15.46,13.71,6.31,12.68,16.53,4.01,20.63,49.76
121,Holstein,4,627.02,Early,15.78,15.36,4.1,12.32,17.27,4.68,22.63,70.53
122,Guernsey,7,675.79,Late,17.13,12.08,3.56,26.88,19.48,3.79,19.79,63.46
123,Jersey,3,720.23,Early,18.2,18.86,5.98,12.79,20.43,4.46,29.53,50.45
124,Guernsey,7,480.06,Mid,24.98,17.85,5.42,20.4,28.81,4.48,29.0,79.28
125,Guernsey,5,466.99,Early,17.36,19.57,3.13,10.74,19.68,4.93,28.06,75.92
126,Holstein,2,441.83,Early,16.78,18.25,4.9,11.61,18.73,4.66,21.33,45.14
127,Guernsey,6,654.57,Late,26.47,14.51,3.53,23.45,30.3,4.71,25.37,41.05
128,Holstein,3,682.59,Late,25.07,13.98,5.66,23.78,28.34,4.3,28.54,67.53
129,Guernsey,2,412.63,Mid,21.53,17.58,4.98,16.83,24.44,3.78,27.76,64.17
130,Jersey,3,774.48,Mid,23.24,14.91,6.07,14.31,25.34,4.14,21.21,77.43
131,Guernsey,9,420.79,Late,19.68,16.53,7.03,26.27,22.86,4.32,16.69,49.36
132,Holstein,9,616.52,Late,22.24,12.05,4.5,14.34,23.79,4.52,16.13,43.38
133,Holstein,8,683.62,Early,22.6,12.5,7.81,20.84,24.64,4.41,23.66,50.37
134,Jersey,9,748.39,Late,20.81,16.28,5.68,29.36,24.58,4.09,24.64,40.76
135,Guernsey,7,685.63,Mid,28.6,16.53,6.09,12.96,31.45,3.9,27.75,41.44
136,Guernsey,9,720.69,Early,15.24,18.01,6.4,28.82,18.17,3.75,19.39,76.59
137,Jersey,4,535.78,Mid,26.73,13.06,6.33,13.66,28.53,4.54,17.51,54.08
138,Guernsey,6,725.93,Early,16.87,16.11,5.55,21.35,19.23,4.47,20.69,56.43
139,Guernsey,7,432.05,Late,26.96,13.56,5.14,17.54,29.59,4.53,20.3,40.73
140,Holstein,2,757.93,Mid,24.24,12.75,3.27,29.3,28.06,4.06,16.99,50.82
141,Guernsey,8,619.04,Early,27.65,15.28,3.11,15.47,30.82,3.89,25.08,72.19
142,Guernsey,8,726.92,Early,16.46,13.31,4.79,17.99,18.09,4.64,22.63,64.62
143,Jersey,8,580.93,Late,23.38,13.77,4.67,29.66,27.18,4.66,25.82,70.15
144,Jersey,2,657.43,Late,22.52,14.54,4.94,20.73,25.32,4.18,20.29,57.89
145,Holstein,2,610.56,Late,25.59,14.08,3.69,20.05,28.73,4.42,19.89,52.39
146,Guernsey,2,692.64,Mid,23.01,12.7,6.69,15.16,24.61,4.06,22.09,59.31
147,Guernsey,2,432.65,Early,23.11,12.72,7.28,24.03,25.67,4.55,28.16,52.92
148,Guernsey,8,424.14,Late,21.44,13.55,7.69,10.29,22.48,4.75,15.6,73.56
149,Holstein,8,498.84,Mid,19.63,12.4,5.46,10.99,20.64,4.53,27.07,51.91
150,Holstein,3,463.82,Mid,22.23,17.01,6.5,21.99,25.51,4.27,20.53,66.39
151,Jersey,7,748.71,Mid,16.78,14.3,7.28,16.83,18.3,4.19,27.82,45.48
152,Holstein,6,487.69,Late,29.42,14.24,5.09,29.07,34.19,4.46,27.03,67.47
153,Guernsey,9,790.35,Late,25.72,14.66,4.55,28.06,29.94,4.52,20.23,76.53
154,Guernsey,9,534.76,Early,29.29,17.3,7.68,24.27,33.86,4.34,25.41,64.34
155,Holstein,4,472.85,Early,18.4,18.97,5.58,26.36,21.96,4.44,17.39,62.39
156,Guernsey,8,715.88,Late,28.19,18.07,5.49,23.35,32.98,3.64,28.44,78.44
157,Guernsey,4,663.48,Mid,27.13,17.82,3.89,12.51,30.42,4.93,21.07,65.1
158,Holstein,7,599.28,Mid,25.16,15.88,3.54,25.31,29.38,4.69,21.83,50.38
159,Holstein,7,622.15,Mid,24.38,17.55,7.21,14.2,27.07,4.06,25.59,51.7
160,Guernsey,4,687.68,Early,19.75,16.42,6.07,16.47,22.04,4.34,27.31,68.21
161,Guernsey,8,491.38,Mid,27.25,13.73,4.63,26.38,31.23,3.57,18.55,69.42
162,Guernsey,4,798.53,Early,22.52,13.67,3.96,20.73,25.23,3.56,24.92,52.14
163,Jersey,9,789.92,Early,16.06,14.37,5.78,27.2,18.48,3.88,20.88,53.81
164,Jersey,3,660.13,Mid,19.69,19.29,5.92,14.26,22.34,4.53,20.53,79.64
165,Jersey,9,479.82,Mid,29.03,16.38,4.03,22.16,33.51,4.78,25.35,44.08
166,Holstein,5,672.09,Late,27.76,17.87,7.26,11.68,30.56,4.34,20.81,56.19
167,Jersey,8,428.88,Late,29.73,14.77,3.42,22.86,34.04,4.3,20.19,42.5
168,Holstein,8,412.26,Mid,24.42,15.26,4.78,25.25,28.2,4.1,27.54,72.84
169,Holstein,6,503.07,Early,18.71,13.0,6.4,21.7,20.7,3.74,16.52,43.69
170,Jersey,2,585.05,Early,17.44,13.37,4.37,15.32,18.98,3.68,25.14,66.96
171,Jersey,5,747.31,Early,17.8,18.62,7.14,10.63,19.64,4.64,18.73,42.26
172,Jersey,7,690.87,Early,15.3,16.68,6.7,12.39,16.76,4.89,15.23,66.91
173,Guernsey,8,697.08,Early,20.86,14.7,6.95,22.45,23.46,4.19,17.5,73.72
174,Jersey,4,570.2,Late,17.87,18.42,3.6,28.69,21.62,4.49,24.1,55.95
175,Guernsey,5,538.37,Mid,21.17,13.97,3.7,14.13,23.11,4.87,25.64,60.89
176,Holstein,6,548.42,Late,29.02,19.81,4.43,24.7,34.81,3.64,15.32,56.06
177,Guernsey,7,795.06,Early,21.46,14.76,5.59,27.33,24.81,4.66,15.55,52.02
178,Jersey,2,416.04,Early,28.17,14.7,6.74,20.42,31.42,4.43,28.54,72.13
179,Holstein,2,746.81,Early,24.08,14.5,7.18,23.39,27.12,4.4,16.1,50.88
180,Holstein,6,631.47,Early,18.71,12.98,6.52,26.3,21.12,3.94,28.41,68.92
181,Holstein,6,575.45,Mid,20.34,12.89,7.64,15.21,21.7,4.53,18.42,48.25
182,Guernsey,4,690.1,Early,16.26,17.18,6.69,15.94,18.18,4.69,26.1,49.99
183,Jersey,8,594.67,Mid,20.0,19.0,4.53,10.01,22.35,3.67,19.65,53.46
184,Holstein,2,749.37,Early,25.16,18.32,4.33,29.26,30.39,4.3,27.88,63.57
185,Holstein,7,760.28,Mid,16.08,13.13,6.48,28.35,18.34,3.65,25.51,58.18
186,Holstein,5,568.69,Late,18.08,16.36,3.96,25.29,21.16,4.81,21.03,69.81
187,Guernsey,7,510.73,Early,20.72,12.84,3.46,11.58,22.15,4.26,16.14,48.54
188,Guernsey,3,636.94,Mid,29.73,12.36,5.66,18.95,32.41,4.71,25.99,40.43
189,Jersey,3,764.95,Late,26.77,17.25,7.11,12.04,29.37,4.05,24.25,71.06
190,Guernsey,6,484.26,Early,26.0,16.28,3.51,10.32,28.52,3.69,15.04,72.87
191,Holstein,4,649.19,Early,16.74,12.66,6.96,22.32,18.47,3.56,15.14,42.38
192,Jersey,3,652.62,Early,26.71,12.28,7.06,29.22,30.28,3.92,27.13,64.44
193,Holstein,2,693.25,Mid,26.78,19.92,5.41,28.06,32.47,3.87,18.89,55.13
194,Holstein,7,452.63,Mid,24.02,12.24,3.29,23.94,27.04,4.34,24.54,71.76
195,Guernsey,7,686.33,Late,29.86,15.56,3.87,11.93,32.72,3.53,21.81,74.98
196,Jersey,6,763.61,Mid,19.88,16.04,6.54,15.48,21.97,4.28,27.95,74.04
197,Guernsey,8,471.87,Mid,29.12,12.94,6.56,16.4,31.41,4.09,28.75,71.09
198,Guernsey,8,495.02,Early,28.72,13.35,7.49,25.26,32.23,4.37,29.95,50.76
199,Jersey,5,788.56,Early,15.17,14.81,5.91,26.04,17.43,4.55,17.31,72.48
200,Holstein,6,472.39,Early,21.75,18.09,3.62,17.7,25.04,4.45,27.94,61.34
201,Holstein,9,741.75,Early,29.66,16.06,3.61,18.36,33.64,4.98,18.99,42.11
202,Jersey,5,596.91,Early,16.55,17.1,6.61,10.89,18.08,3.71,23.86,58.28
203,Holstein,9,498.89,Early,23.22,19.88,3.92,15.78,26.89,4.14,22.59,77.69
204,Jersey,8,748.3,Early,29.68,18.14,4.64,19.03,34.23,4.14,15.27,75.51
205,Jersey,6,578.12,Late,23.33,15.47,5.44,12.34,25.41,4.13,28.99,44.09
206,Guernsey,9,605.93,Late,17.85,15.57,3.12,19.07,20.27,4.5,16.17,69.77
207,Jersey,6,543.69,Late,23.73,16.95,4.24,27.06,28.09,4.23,25.32,72.23
208,Guernsey,6,637.18,Late,18.07,17.32,5.04,21.63,20.89,4.28,26.78,50.86
209,Holstein,8,465.41,Early,22.8,16.01,4.4,11.58,24.99,4.15,26.93,58.86
210,Holstein,5,556.43,Late,16.11,17.16,3.68,13.83,18.08,4.99,17.03,68.44
211,Holstein,5,787.76,Early,24.08,12.19,6.64,19.49,26.15,4.89,21.71,57.56
212,Holstein,6,503.25,Late,22.75,15.44,7.07,17.23,25.14,3.96,27.44,44.51
213,Guernsey,3,662.69,Mid,26.1,14.23,4.29,17.17,28.88,3.67,19.54,68.24
214,Holstein,4,530.08,Late,24.46,13.03,6.87,20.59,26.88,4.76,22.02,76.47
215,Jersey,8,709.39,Late,23.24,12.8,4.93,21.69,25.84,5.0,19.09,66.1
216,Jersey,4,452.35,Early,25.35,16.83,5.53,25.94,29.67,3.94,21.95,70.95
217,Jersey,4,787.93,Late,17.16,16.19,7.28,16.82,19.04,4.04,28.32,54.33
218,Guernsey,5,581.52,Mid,23.93,14.03,6.75,26.11,27.21,4.91,21.83,47.33
219,Holstein,5,494.42,Early,17.58,15.77,7.03,16.77,19.45,4.57,23.34,65.71
220,Holstein,3,429.4,Early,28.88,15.94,3.68,11.11,31.67,3.94,21.06,53.11
221,Holstein,4,467.9,Late,16.03,13.56,3.35,21.08,18.02,4.37,21.9,74.4
222,Guernsey,4,607.91,Early,21.46,17.22,7.47,21.76,24.54,4.92,15.23,44.91
223,Jersey,6,534.8,Early,25.44,18.25,4.94,28.69,30.56,4.72,19.26,57.34
224,Jersey,5,731.55,Early,21.87,18.33,4.44,24.52,25.89,4.61,21.55,55.87
225,Holstein,4,572.36,Early,16.38,16.82,6.62,28.36,19.28,4.61,24.51,77.52
226,Jersey,7,499.49,Early,23.3,16.09,7.18,28.17,27.16,3.77,21.75,46.13
227,Jersey,3,646.86,Early,24.62,12.49,7.31,22.09,27.05,4.74,20.07,40.39
228,Guernsey,9,682.71,Mid,25.56,14.3,4.58,20.56,28.7,3.91,20.82,49.52
229,Guernsey,7,466.82,Late,20.6,12.75,7.26,21.15,22.6,4.9,18.63,72.81
230,Guernsey,7,467.05,Mid,23.45,19.71,3.2,29.57,28.82,4.05,28.87,48.37
231,Guernsey,9,414.67,Early,21.76,13.08,3.25,25.46,24.85,4.79,22.83,49.64
232,Holstein,8,694.56,Early,25.08,13.21,6.12,12.13,26.64,3.9,15.2,45.2
233,Guernsey,8,665.52,Late,23.75,19.12,3.32,25.57,28.56,4.27,15.29,68.62
234,Jersey,3,589.85,Mid,22.89,19.55,4.62,13.41,26.08,3.66,29.59,42.77
235,Holstein,7,737.67,Late,18.74,18.13,6.36,18.95,21.44,4.49,18.32,53.25
236,Jersey,4,722.27,Mid,15.03,12.04,4.69,14.21,16.05,4.75,27.08,51.3
237,Jersey,5,634.14,Early,17.61,12.01,3.9,23.79,19.72,4.58,15.87,62.21
238,Jersey,3,747.31,Late,16.76,15.02,4.41,27.55,19.54,4.28,28.82,69.22
239,Guernsey,6,482.34,Late,21.74,13.15,5.29,15.81,23.57,3.57,28.12,61.32
240,Guernsey,9,444.77,Early,24.18,12.15,5.38,11.64,25.46,4.9,23.57,77.24
241,Holstein,7,507.9,Late,18.2,15.71,6.92,15.97,20.06,4.56,15.13,78.06
242,Holstein,3,422.83,Mid,29.09,19.54,6.75,23.45,34.29,4.62,18.87,54.46
243,Guernsey,2,612.47,Mid,15.1,14.59,5.28,16.58,16.65,4.69,21.1,71.11
244,Jersey,2,774.64,Mid,26.58,17.29,7.23,15.56,29.62,4.62,21.9,69.55
245,Holstein,8,415.74,Mid,24.38,17.22,3.57,13.69,27.37,4.16,19.47,75.72
246,Guernsey,9,448.84,Early,20.6,14.01,4.28,19.95,23.04,4.6,15.49,57.92
247,Guernsey,5,580.88,Late,15.76,17.2,7.14,15.52,17.56,4.44,23.85,61.22
248,Guernsey,4,773.55,Mid,24.41,13.7,4.89,24.62,27.72,4.78,22.86,56.63
249,Jersey,5,526.46,Early,20.78,12.98,7.91,11.53,21.78,4.7,19.25,74.02
250,Guernsey,5,602.89,Late,29.04,17.61,5.33,23.28,33.86,3.56,15.57,49.19
251,Guernsey,5,416.63,Late,23.13,12.91,6.96,14.75,24.7,4.07,29.92,49.59
252,Guernsey,9,459.34,Early,29.09,19.98,5.01,19.79,34.14,3.55,22.23,54.9
253,Guernsey,5,794.65,Early,18.31,13.47,5.12,15.72,19.92,3.65,26.34,49.21
254,Holstein,6,786.05,Mid,25.89,16.75,4.91,24.46,30.17,4.4,21.78,62.44
255,Holstein,9,401.98,Late,24.26,15.29,6.6,28.91,28.25,4.81,15.65,45.38
256,Guernsey,6,780.72,Late,26.09,13.01,5.74,28.34,29.82,3.68,19.64,52.81
257,Jersey,9,655.65,Early,18.22,12.22,7.72,21.67,19.9,4.18,19.8,76.54
258,Holstein,8,747.17,Late,24.97,16.98,4.25,19.25,28.59,4.87,27.58,56.37
259,Guernsey,3,581.9,Mid,22.47,18.45,3.5,26.37,26.94,4.72,24.81,69.93
260,Holstein,2,606.24,Late,26.14,18.74,4.97,23.67,30.87,4.28,19.13,44.54
261,Holstein,5,595.54,Early,19.91,15.86,6.08,13.67,21.83,4.66,29.52,49.9
262,Jersey,8,666.75,Early,28.35,18.22,7.3,26.42,33.39,4.28,19.82,72.29
263,Guernsey,3,455.86,Mid,16.26,17.38,4.73,18.58,18.59,3.74,29.97,70.52
264,Guernsey,2,411.99,Mid,27.11,17.79,6.27,13.78,30.24,3.69,29.94,55.45
265,Jersey,7,523.17,Late,27.92,15.94,4.75,15.64,31.1,3.78,17.87,78.18
266,Jersey,4,681.87,Late,27.26,17.07,6.09,15.35,30.45,4.03,19.69,76.43
267,Guernsey,6,480.74,Early,22.69,18.44,7.42,20.38,26.08,4.9,22.29,78.49
268,Guernsey,7,669.37,Mid,21.58,15.18,4.16,14.69,23.83,4.7,24.96,57.12
269,Jersey,9,787.96,Mid,29.94,18.45,5.02,12.47,33.59,4.15,22.92,47.9
270,Holstein,2,437.56,Mid,18.44,16.74,7.97,12.47,20.1,4.24,29.54,65.07
271,Holstein,7,669.04,Late,23.2,13.33,7.34,21.67,25.63,3.9,25.86,67.39
272,Jersey,4,577.5,Mid,25.06,12.2,5.82,24.7,27.98,4.56,18.18,45.02
273,Holstein,8,747.26,Early,25.51,14.9,5.58,16.43,28.14,4.7,16.58,71.46
274,Jersey,2,470.86,Early,18.06,16.37,4.42,10.69,19.78,3.86,25.33,40.72
275,Holstein,7,677.05,Late,24.81,18.72,5.59,12.54,27.84,3.56,17.38,59.31
276,Holstein,6,735.25,Late,27.28,13.02,7.24,28.29,30.98,4.44,26.82,53.24
277,Guernsey,6,777.85,Mid,15.75,18.4,6.43,19.87,18.13,4.34,19.67,69.61
278,Guernsey,3,673.3,Late,28.67,18.9,4.45,19.07,33.32,4.1,19.9,52.51
279,Holstein,7,598.87,Early,15.44,13.21,4.01,10.76,16.46,4.47,15.16,73.07
280,Holstein,5,647.14,Mid,20.34,18.81,4.33,24.57,24.19,4.33,25.52,63.8
281,Guernsey,7,747.56,Early,15.24,19.93,3.85,20.56,18.03,3.88,16.7,71.76
282,Guernsey,8,628.24,Mid,16.16,17.81,3.48,14.04,18.28,4.1,26.59,79.57
283,Guernsey,2,412.15,Late,28.67,18.28,5.1,12.2,32.06,4.14,22.38,67.17
284,Jersey,2,772.38,Mid,20.32,19.96,3.57,17.67,23.78,4.82,26.76,79.4
285,Holstein,8,675.81,Mid,21.37,16.84,3.86,26.74,25.28,4.94,23.76,41.15
286,Guernsey,7,670.61,Early,18.23,14.46,5.74,27.31,21.01,4.84,16.24,53.53
287,Holstein,8,486.27,Early,23.96,18.7,3.82,22.06,28.23,4.58,26.48,44.31
288,Jersey,4,663.55,Mid,23.92,16.92,3.32,24.55,28.11,4.38,16.05,50.49
289,Jersey,9,557.55,Late,20.58,16.65,4.59,12.3,22.74,4.53,22.18,73.56
290,Guernsey,8,660.49,Late,20.0,14.03,4.1,21.76,22.57,4.91,17.59,41.29
291,Jersey,6,442.64,Early,28.27,18.05,5.58,23.34,33.06,3.87,26.29,60.81
292,Holstein,8,663.14,Late,20.75,12.65,3.51,14.01,22.39,4.3,28.67,62.69
293,Guernsey,2,799.77,Early,22.4,19.39,6.76,27.6,26.84,4.53,23.31,62.45
294,Holstein,6,419.28,Late,19.25,14.61,7.53,13.9,20.75,4.52,22.91,59.01
295,Holstein,2,790.87,Mid,26.8,13.02,6.72,16.27,28.89,3.88,26.46,71.62
296,Jersey,3,562.76,Early,20.96,15.54,5.66,22.41,23.88,4.38,15.08,45.34
297,Jersey,5,748.3,Early,22.7,12.34,7.3,22.77,24.99,4.69,28.77,52.42
298,Jersey,2,712.95,Mid,18.8,17.48,6.47,23.99,21.85,4.21,17.96,64.63
299,Jersey,6,626.81,Early,29.81,19.22,3.05,12.24,33.93,4.69,29.76,67.64
300,Jersey,3,695.38,Late,19.37,18.7,4.97,26.99,23.19,4.04,26.04,56.17
301,Guernsey,2,751.41,Late,26.56,13.02,7.25,20.66,29.14,4.91,26.61,75.01
302,Holstein,4,561.66,Early,21.41,13.01,4.73,19.43,23.63,4.3,24.84,56.62
303,Holstein,8,530.81,Late,18.09,18.51,3.18,29.62,22.02,4.39,22.07,56.11
304,Holstein,5,667.04,Early,27.0,19.39,6.73,24.81,31.98,3.55,23.57,41.45
305,Holstein,2,723.14,Mid,20.0,15.69,7.01,12.36,21.67,3.76,15.7,62.05
306,Jersey,3,704.91,Early,27.98,15.99,3.8,25.13,32.64,4.45,24.36,68.35
307,Holstein,4,719.13,Mid,28.73,14.55,5.69,11.9,30.93,4.13,24.39,44.58
308,Guernsey,7,574.23,Late,27.9,19.15,3.96,10.55,31.37,4.26,28.37,52.22
309,Guernsey,3,727.13,Mid,15.53,17.16,6.6,18.07,17.53,3.59,22.58,71.25
310,Holstein,8,448.08,Late,26.81,14.31,4.36,29.87,31.39,4.75,16.16,54.64
311,Holstein,3,617.8,Early,21.17,14.39,4.58,13.5,23.04,4.68,19.59,49.66
312,Guernsey,4,402.3,Late,28.11,19.13,7.22,23.45,32.96,3.78,24.83,66.89
313,Guernsey,3,529.83,Early,24.57,12.11,5.38,13.47,26.08,4.45,18.59,47.87
314,Jersey,4,546.58,Early,27.5,14.58,6.35,24.5,31.26,4.73,19.21,75.83
315,Guernsey,2,558.47,Mid,22.49,16.43,5.01,20.11,25.63,4.46,27.31,44.22
316,Jersey,9,678.19,Mid,23.03,13.19,4.49,23.6,25.97,3.97,23.76,68.26
317,Jersey,4,555.42,Mid,17.17,12.74,6.13,14.06,18.32,4.48,22.63,59.98
318,Jersey,4,579.48,Mid,26.76,18.52,3.77,24.91,31.87,3.82,19.78,74.8
319,Jersey,5,495.02,Late,21.29,19.16,4.86,29.91,25.91,3.98,25.96,45.05
320,Jersey,4,549.3,Late,22.5,18.59,4.05,23.31,26.6,3.86,19.32,67.12
321,Holstein,4,490.91,Late,26.78,19.19,6.48,19.87,31.03,4.34,26.06,62.88
322,Guernsey,7,429.28,Early,23.98,16.42,7.72,28.46,28.01,3.66,16.05,59.2
323,Jersey,9,641.38,Late,18.02,18.5,7.98,10.32,19.76,4.9,27.97,59.66
324,Guernsey,2,667.29,Late,23.85,15.07,5.25,24.6,27.37,4.0,22.49,68.88
325,Guernsey,8,647.8,Late,21.11,17.33,4.26,27.77,25.14,3.83,21.58,77.51
326,Jersey,5,585.4,Mid,22.04,19.91,5.21,11.23,24.89,4.24,24.17,43.65
327,Holstein,7,551.91,Late,15.42,13.81,7.24,19.0,16.91,3.92,24.36,40.78
328,Jersey,6,745.33,Early,18.15,15.12,4.03,14.09,19.99,4.3,16.98,72.23
329,Holstein,9,607.63,Mid,19.22,15.84,7.76,21.33,21.65,4.02,26.34,44.33
330,Guernsey,2,591.67,Early,25.69,13.1,4.71,22.99,28.83,3.7,19.14,79.47
331,Holstein,2,410.26,Late,15.17,12.65,7.93,16.05,16.19,3.9,28.57,64.77
332,Holstein,6,536.5,Mid,21.13,18.64,7.19,19.2,24.22,4.16,27.27,66.03
333,Holstein,8,552.08,Early,28.86,19.81,7.04,15.59,32.92,3.55,20.19,47.96
334,Guernsey,4,559.53,Late,16.68,15.24,4.59,17.39,18.62,4.66,27.12,49.61
335,Guernsey,7,632.07,Early,22.75,12.7,3.04,13.19,24.52,4.43,20.35,66.37
336,Holstein,3,613.44,Early,26.8,12.53,4.91,27.71,30.53,4.4,16.51,76.39
337,Holstein,5,643.16,Early,29.14,19.13,4.51,10.2,32.63,4.32,29.43,79.3
338,Jersey,3,705.95,Late,26.2,15.71,3.19,27.65,30.9,4.39,24.79,47.92
339,Holstein,6,725.19,Late,25.81,14.56,5.53,21.43,29.04,4.9,21.84,45.36
340,Jersey,2,687.25,Early,27.4,15.81,5.02,16.63,30.58,3.51,20.97,42.26
341,Holstein,8,782.21,Mid,21.69,14.55,6.17,24.46,24.66,3.57,19.87,74.73
342,Jersey,2,407.29,Mid,27.09,15.91,6.11,20.16,30.59,3.79,29.72,51.79
343,Guernsey,5,478.31,Late,15.12,18.88,3.6,19.98,17.7,3.75,17.02,40.07
344,Holstein,2,403.03,Late,28.87,16.74,7.88,12.2,31.44,3.77,19.72,48.95
345,Holstein,2,658.99,Late,21.65,17.56,3.93,17.79,24.79,4.51,22.28,53.62
346,Holstein,5,759.21,Late,23.3,14.92,5.23,14.82,25.56,4.19,22.17,79.64
347,Holstein,7,497.39,Late,18.82,17.91,5.44,10.31,20.77,4.99,22.07,60.94
348,Jersey,7,770.81,Mid,26.14,17.33,7.07,17.2,29.38,3.84,17.64,48.19
349,Holstein,5,424.11,Late,16.15,12.96,3.5,11.8,17.3,3.97,17.17,53.39
350,Guernsey,8,773.77,Early,28.09,16.58,5.14,15.14,31.34,4.98,18.82,53.21
351,Guernsey,6,540.65,Early,27.42,14.05,6.14,11.85,29.31,4.75,28.72,40.79
352,Holstein,9,440.57,Mid,18.24,18.43,4.08,12.02,20.5,4.2,16.7,45.41
353,Guernsey,2,594.35,Early,27.14,15.41,6.14,13.98,29.67,4.33,26.36,67.81
354,Holstein,8,502.71,Mid,26.8,19.96,7.62,30.0,32.47,4.76,26.36,44.81
355,Holstein,2,513.95,Mid,24.48,12.74,7.99,10.04,25.4,4.22,27.15,49.23
356,Guernsey,9,522.92,Early,20.6,18.24,3.16,22.77,24.32,3.81,28.3,54.03
357,Holstein,6,721.21,Late,19.07,17.39,4.18,12.82,21.3,4.74,18.95,70.31
358,Guernsey,7,615.66,Early,18.48,18.14,4.55,28.41,22.19,4.31,18.37,63.3
359,Jersey,8,524.52,Early,19.78,14.46,5.0,11.87,21.34,3.73,21.98,67.56
360,Holstein,4,644.13,Mid,28.55,15.94,4.21,29.1,33.8,4.26,18.98,62.68
361,Jersey,4,686.46,Early,16.16,18.37,4.02,22.22,18.98,4.12,26.01,67.34
362,Guernsey,9,509.05,Mid,27.43,13.86,7.77,10.03,28.8,4.82,24.54,40.11
363,Jersey,4,565.42,Late,20.23,13.81,7.59,27.88,23.05,3.69,28.12,77.24
364,Jersey,7,448.75,Late,22.82,16.41,3.23,20.43,26.25,4.81,16.24,44.44
365,Guernsey,9,472.46,Late,26.92,16.19,4.69,15.25,30.01,4.27,28.73,56.25
366,Jersey,7,672.45,Early,28.27,14.26,5.03,25.35,32.35,4.11,19.4,70.84
367,Jersey,6,472.58,Mid,20.17,14.38,4.2,28.53,23.51,3.74,22.36,57.41
368,Guernsey,2,610.07,Late,21.93,14.22,6.14,19.67,24.34,4.55,21.58,77.87
369,Jersey,6,683.62,Mid,21.22,18.17,6.2,16.31,24.03,4.89,26.4,58.7
370,Guernsey,6,442.75,Mid,15.2,17.22,7.25,25.78,17.71,4.06,21.3,75.0
371,Jersey,7,626.92,Late,19.44,18.66,6.7,23.64,22.77,3.86,29.15,72.43
372,Guernsey,9,502.63,Late,21.89,19.8,5.71,27.78,26.45,4.33,28.54,79.24
373,Guernsey,9,785.17,Mid,21.17,15.79,6.27,23.85,24.26,4.69,28.08,77.06
374,Jersey,4,593.42,Late,25.83,12.53,4.37,14.87,27.84,3.51,16.07,75.92
375,Jersey,3,722.4,Mid,20.77,12.38,5.97,28.63,23.62,4.45,27.81,69.26
376,Jersey,2,620.09,Mid,22.34,14.37,5.45,12.1,24.06,4.39,26.72,54.68
377,Holstein,7,417.37,Late,21.44,19.46,3.67,15.36,24.72,3.98,16.55,44.25
378,Holstein,4,653.26,Early,26.11,16.19,4.21,20.4,29.84,4.18,16.61,67.55
379,Holstein,8,780.56,Late,27.94,14.17,4.46,21.31,31.46,3.87,16.52,79.15
380,Guernsey,3,640.64,Early,22.98,15.19,7.62,10.31,24.48,4.68,15.17,69.06
381,Jersey,3,727.68,Mid,26.84,16.79,4.15,25.61,31.54,4.45,23.23,77.15
382,Guernsey,7,753.68,Mid,19.45,17.22,4.45,17.23,22.1,4.3,29.6,72.17
383,Holstein,5,491.23,Early,23.12,13.23,4.85,18.13,25.4,4.09,21.58,46.52
384,Jersey,2,484.82,Mid,20.18,19.82,6.32,26.19,24.17,3.94,23.11,49.97
385,Guernsey,3,644.39,Early,21.21,16.36,3.59,17.59,24.04,4.73,29.52,53.67
386,Jersey,7,564.41,Early,25.99,13.09,7.77,10.94,27.21,4.18,18.83,46.73
387,Guernsey,7,735.94,Mid,28.22,19.15,7.33,13.53,31.68,4.25,27.88,63.27
388,Jersey,4,760.01,Early,16.82,12.6,5.89,29.12,19.21,4.28,23.2,79.02
389,Holstein,8,541.37,Late,24.52,19.26,6.37,11.41,27.41,4.17,23.54,70.46
390,Holstein,5,494.75,Late,23.73,19.97,3.08,17.1,27.76,3.88,20.15,56.94
391,Jersey,2,712.21,Mid,16.78,17.6,4.69,20.06,19.34,3.68,23.42,40.18
392,Guernsey,9,509.92,Mid,18.18,18.16,6.98,19.87,20.84,3.65,16.1,52.53
393,Holstein,6,729.05,Early,19.67,14.7,3.39,10.08,21.25,4.64,26.47,61.07
394,Holstein,8,569.5,Early,17.5,19.53,4.41,20.02,20.53,3.84,19.27,52.97
395,Holstein,8,667.02,Early,18.66,16.24,5.93,17.68,20.92,3.58,28.31,44.44
396,Jersey,4,438.21,Early,19.01,17.86,4.28,29.44,22.9,4.7,20.52,57.71
397,Jersey,9,649.54,Late,20.04,19.39,7.67,13.18,22.47,3.73,17.14,50.13
398,Guernsey,3,580.71,Late,26.24,19.8,3.66,17.08,30.57,4.44,25.44,76.37
399,Guernsey,3,634.64,Mid,23.58,18.67,6.99,18.39,26.97,4.01,17.47,44.07
400,Guernsey,4,467.21,Early,29.79,14.42,5.54,17.81,32.93,3.69,26.31,41.97
401,Jersey,7,694.75,Early,21.22,19.73,6.75,23.32,25.04,4.12,29.52,40.21
402,Jersey,3,745.12,Mid,26.31,17.02,4.55,14.31,29.44,3.52,26.69,53.12
403,Guernsey,5,486.7,Early,28.07,19.45,5.57,14.42,31.96,4.76,15.34,66.42
404,Guernsey,2,438.29,Early,25.18,17.41,7.28,24.58,29.22,4.27,24.0,69.22
405,Jersey,8,409.46,Early,21.18,14.46,5.33,20.01,23.68,3.71,25.43,58.13
406,Guernsey,8,656.79,Early,26.3,14.96,4.8,18.3,29.38,3.86,27.38,67.37
407,Holstein,5,642.84,Early,18.06,16.4,5.68,13.38,19.91,4.17,15.84,54.4
408,Jersey,9,618.68,Mid,19.91,18.32,6.59,13.75,22.28,3.78,22.2,66.71
409,Guernsey,3,492.78,Early,23.2,14.54,5.22,10.21,24.83,3.9,23.03,41.62
410,Jersey,8,556.36,Mid,23.63,16.64,7.69,11.83,25.69,4.3,17.54,55.63
411,Holstein,6,637.79,Early,15.33,14.76,4.47,21.14,17.34,4.75,19.84,71.63
412,Jersey,9,598.71,Late,29.18,18.53,5.38,27.84,34.95,4.1,21.6,72.12
413,Jersey,2,795.11,Late,25.45,15.73,6.78,15.74,28.05,4.58,27.5,68.65
414,Jersey,2,454.58,Late,22.44,12.61,6.45,16.55,24.16,4.82,28.94,48.17
415,Jersey,8,678.06,Late,29.0,13.33,7.32,12.31,30.69,3.82,24.43,49.89
416,Holstein,4,561.73,Mid,21.59,12.49,7.98,17.77,23.18,4.71,20.92,79.84
417,Jersey,9,571.28,Mid,29.71,15.99,5.13,10.74,32.32,4.64,18.81,44.14
418,Jersey,8,687.04,Early,22.68,12.85,3.56,28.35,26.14,4.04,29.73,47.23
419,Guernsey,4,676.97,Late,16.71,12.91,3.15,23.46,18.89,4.98,29.75,45.2
420,Jersey,8,796.5,Mid,26.47,19.53,6.63,29.81,32.06,3.89,28.87,53.11
421,Guernsey,6,451.36,Early,25.18,18.98,7.37,27.66,30.0,3.88,26.79,48.41
422,Holstein,9,441.64,Early,26.59,15.62,4.1,19.46,30.13,4.66,19.89,59.91
423,Holstein,7,689.74,Mid,29.27,19.89,3.79,20.39,34.59,4.15,27.26,59.04
424,Holstein,2,631.35,Late,26.65,12.0,3.31,13.81,28.58,4.0,21.13,76.06
425,Holstein,8,509.66,Early,24.17,16.91,7.11,19.24,27.31,3.77,19.9,41.39
426,Guernsey,6,431.77,Late,27.86,16.93,4.56,28.06,33.06,4.65,26.17,52.8
427,Jersey,4,434.26,Late,25.1,15.66,5.01,11.02,27.27,4.68,16.19,63.87
428,Holstein,4,757.68,Late,21.12,15.18,5.51,27.27,24.51,4.35,15.73,64.19
429,Jersey,2,476.75,Early,28.28,15.64,7.2,16.82,31.24,4.94,21.72,59.21
430,Guernsey,5,529.35,Late,18.33,15.32,6.25,27.99,21.3,3.98,21.68,72.63
431,Guernsey,8,490.66,Early,25.72,17.84,6.08,28.82,30.66,3.83,28.43,42.51
432,Guernsey,9,542.0,Late,28.22,13.08,3.88,23.42,31.85,4.52,16.89,72.62
433,Holstein,3,427.77,Early,25.97,13.58,5.57,23.29,29.2,4.64,16.85,59.79
434,Jersey,4,607.62,Late,25.46,13.44,6.58,19.06,27.92,3.84,17.21,45.35
435,Jersey,9,427.05,Mid,26.29,14.1,7.87,26.71,29.84,3.61,15.45,75.43
436,Jersey,9,720.14,Late,21.98,16.2,4.01,29.23,26.11,4.72,16.08,65.97
437,Guernsey,7,493.48,Late,28.11,12.89,3.05,25.5,32.08,4.96,24.9,46.54
438,Holstein,9,616.0,Early,18.05,18.95,3.38,22.44,21.39,4.47,21.47,41.35
439,Guernsey,9,752.03,Early,16.91,14.38,4.88,22.14,19.11,3.92,26.45,45.64
440,Guernsey,7,660.35,Late,19.28,13.3,7.1,26.99,21.83,5.0,29.89,64.35
441,Jersey,4,613.18,Mid,22.97,17.4,3.04,20.82,26.71,4.84,24.89,47.17
442,Guernsey,9,529.73,Mid,22.66,12.3,5.28,26.08,25.54,4.27,15.76,49.03
443,Jersey,5,533.2,Early,27.31,16.96,4.65,20.18,31.33,4.74,16.57,41.01
444,Holstein,5,667.79,Mid,21.07,17.59,3.26,11.25,23.51,4.72,28.22,68.92
445,Jersey,6,797.66,Late,22.27,13.72,5.25,17.68,24.48,4.9,22.91,72.41
446,Holstein,7,664.74,Early,15.2,12.34,4.27,18.89,16.67,4.76,27.37,71.87
447,Jersey,6,623.11,Late,21.15,14.91,4.76,12.83,23.04,4.47,27.85,45.1
448,Guernsey,7,692.26,Early,24.72,12.79,6.53,12.05,26.09,4.41,28.92,76.13
449,Guernsey,8,586.08,Early,15.23,12.93,5.61,20.71,16.83,4.2,29.25,66.89
450,Holstein,8,424.06,Early,19.21,14.03,3.62,11.7,20.76,4.44,23.32,75.9
451,Holstein,9,624.92,Early,18.12,14.36,7.81,16.06,19.66,4.69,20.12,57.89
452,Holstein,3,783.05,Mid,15.63,16.24,6.18,24.89,18.07,4.95,29.43,57.48
453,Jersey,8,470.12,Late,22.19,17.43,6.83,29.29,26.33,4.2,23.21,71.38
454,Jersey,3,676.0,Late,17.73,16.74,3.4,24.36,20.78,4.36,15.96,43.73
455,Holstein,8,480.37,Late,26.15,13.19,3.24,29.85,30.46,4.17,24.64,60.83
456,Guernsey,2,614.33,Early,27.72,13.38,3.1,23.97,31.55,4.5,23.82,73.46
457,Jersey,8,438.67,Mid,23.18,19.03,3.94,15.88,26.66,4.44,28.44,73.21
458,Jersey,6,580.15,Late,29.73,16.47,5.07,23.44,34.38,3.53,24.8,78.25
459,Jersey,4,702.47,Mid,21.76,18.96,7.68,24.04,25.49,4.31,20.24,67.93
460,Holstein,9,539.03,Early,22.7,14.97,5.29,17.43,25.21,3.63,29.49,48.31
461,Holstein,6,665.96,Late,29.84,16.92,4.45,10.35,32.79,3.54,27.02,40.81
462,Holstein,4,718.18,Mid,18.47,16.19,5.81,24.06,21.3,4.69,24.46,59.18
463,Holstein,5,770.87,Early,29.14,14.55,3.56,10.43,31.47,3.89,19.39,60.55
464,Holstein,6,493.86,Mid,15.64,15.76,6.05,22.62,17.84,4.01,20.6,49.61
465,Guernsey,5,559.73,Late,21.7,16.02,5.84,13.27,23.81,3.6,25.05,44.99
466,Guernsey,3,460.97,Late,16.05,13.61,6.96,21.31,17.78,3.77,16.08,63.45
467,Holstein,3,796.99,Early,25.94,14.52,7.93,20.08,28.69,4.65,18.85,70.57
468,Jersey,2,770.8,Early,24.13,18.33,4.25,10.27,26.87,4.24,25.71,79.73
469,Holstein,8,615.98,Early,25.6,19.33,5.55,17.26,29.49,4.82,22.2,70.33
470,Guernsey,6,736.81,Mid,20.62,14.88,7.54,22.02,23.12,4.1,21.04,71.75
471,Guernsey,5,608.38,Mid,20.54,14.46,6.93,26.97,23.51,3.9,17.27,64.66
472,Jersey,4,649.43,Mid,15.68,13.56,5.44,27.77,17.99,4.02,21.63,79.44
473,Guernsey,3,435.65,Early,20.25,17.43,7.73,19.68,22.96,4.57,26.56,65.6
474,Holstein,8,702.11,Late,28.94,14.58,3.29,24.57,33.34,4.33,18.96,74.41
475,Jersey,3,451.09,Late,20.69,19.9,7.65,16.33,23.64,4.86,15.08,77.83
476,Holstein,4,730.43,Mid,27.47,14.61,3.25,16.84,30.6,4.4,25.03,77.19
477,Holstein,8,712.81,Mid,27.63,15.15,5.74,13.89,30.18,4.24,29.59,55.26
478,Jersey,8,683.5,Late,20.6,16.83,7.45,21.24,23.43,4.68,24.1,43.15
479,Holstein,5,414.46,Late,24.48,18.41,4.31,16.29,28.01,4.92,16.8,46.87
480,Guernsey,5,521.25,Mid,16.43,15.76,5.36,11.69,17.9,4.03,19.81,42.37
481,Holstein,6,505.25,Mid,16.56,15.38,4.62,23.7,19.03,3.87,28.01,44.22
482,Jersey,6,544.05,Late,15.73,19.97,7.76,24.16,18.59,4.42,18.49,47.39
483,Jersey,7,435.06,Early,23.72,12.08,7.12,17.2,25.41,4.25,24.12,53.64
484,Jersey,9,774.78,Mid,21.39,19.16,6.55,11.53,23.88,4.98,21.04,61.74
485,Holstein,7,621.52,Late,23.22,13.19,5.94,18.53,25.42,4.19,18.12,68.47
486,Jersey,2,522.21,Late,22.82,18.29,7.1,18.85,26.05,3.61,27.2,48.44
487,Jersey,3,558.79,Late,20.25,16.94,4.96,23.37,23.52,4.97,26.14,66.9
488,Holstein,6,578.88,Late,25.16,14.73,5.24,16.31,27.74,4.77,24.92,68.17
489,Guernsey,5,640.24,Early,26.38,18.99,6.65,23.65,30.99,3.77,18.55,62.34
490,Holstein,4,606.27,Late,15.22,12.1,4.79,27.43,17.26,4.86,16.47,76.14
491,Jersey,5,767.76,Mid,18.11,13.81,3.32,14.75,19.83,4.01,23.64,44.44
492,Jersey,3,598.79,Early,25.7,16.54,3.37,29.58,30.75,4.07,23.31,47.08
493,Holstein,7,796.86,Late,20.8,14.81,3.58,17.73,23.27,4.86,17.83,57.15
494,Guernsey,5,740.57,Early,24.94,16.88,7.35,15.35,27.65,4.3,15.84,45.07
495,Jersey,9,483.4,Mid,20.2,12.19,5.36,18.43,21.96,3.71,16.21,62.65
496,Jersey,2,772.24,Late,20.86,12.93,6.56,11.89,22.03,4.05,29.89,55.94
497,Jersey,3,446.55,Mid,17.38,13.02,4.96,12.51,18.56,4.58,26.75,51.38
498,Holstein,7,726.98,Late,18.87,13.51,4.29,18.29,20.85,3.76,28.83,46.8
499,Jersey,9,552.25,Late,24.08,15.67,4.74,25.25,27.91,4.39,17.93,53.41
500,Guernsey,4,751.19,Late,21.5,18.02,6.97,28.01,25.49,4.54,29.41,64.32
501,Jersey,7,747.22,Late,26.61,19.24,6.13,23.3,31.35,4.02,17.14,63.03
502,Jersey,8,722.37,Late,27.79,18.68,7.69,12.1,30.81,4.54,22.64,46.54
503,Guernsey,9,716.01,Early,23.12,13.58,6.4,23.44,25.92,4.83,27.45,45.0
504,Jersey,9,521.87,Late,26.37,15.53,5.85,22.71,30.05,4.21,20.25,41.07
505,Holstein,2,432.37,Late,19.6,13.6,6.05,26.12,22.27,4.07,21.37,40.5
506,Holstein,3,561.19,Early,21.22,14.12,7.71,26.5,24.09,3.88,16.92,75.19
507,Holstein,4,469.41,Early,25.69,16.03,6.94,27.36,29.86,4.41,16.84,41.8
508,Guernsey,2,677.98,Early,20.79,12.54,3.12,18.28,22.89,4.82,24.29,69.25
509,Jersey,7,538.44,Early,23.83,13.75,5.67,23.96,26.9,3.99,25.13,74.88
510,Holstein,2,790.24,Early,17.78,19.48,6.44,15.37,20.26,4.09,26.66,43.92
511,Guernsey,9,656.39,Early,24.0,15.73,6.74,29.99,28.17,4.11,23.35,57.45
512,Jersey,3,728.99,Late,27.92,15.56,4.07,13.51,30.79,4.34,24.69,78.49
513,Guernsey,6,453.01,Late,28.03,12.12,7.34,10.2,29.03,3.84,15.2,73.37
514,Holstein,2,744.81,Mid,25.87,13.98,7.78,12.98,27.57,4.73,17.43,59.59
515,Holstein,8,769.1,Late,26.19,18.93,4.18,25.52,31.32,3.94,29.77,70.5
516,Holstein,2,594.82,Late,23.37,13.32,7.41,18.94,25.49,4.56,16.14,73.34
517,Guernsey,7,642.5,Early,23.77,15.32,3.48,18.95,26.87,4.27,25.18,53.92
518,Guernsey,7,705.92,Early,17.0,12.11,3.28,29.1,19.55,4.38,17.64,75.69
519,Holstein,4,469.94,Late,21.66,15.83,3.65,28.39,25.6,3.77,25.75,58.82
520,Guernsey,7,601.03,Mid,21.76,12.17,3.29,16.22,23.64,4.6,25.59,61.11
521,Holstein,5,559.47,Early,29.38,18.56,7.23,14.18,32.92,3.78,18.51,79.99
522,Holstein,3,458.55,Late,21.47,18.6,3.3,26.97,25.86,3.67,19.04,73.73
523,Jersey,3,547.01,Late,23.24,18.3,4.36,28.12,27.93,4.32,24.82,54.47
524,Guernsey,6,427.27,Mid,23.0,14.27,3.52,20.83,25.97,4.56,20.85,40.41
525,Holstein,6,410.32,Mid,24.55,18.7,4.48,22.59,28.91,3.58,17.92,65.05
526,Holstein,3,454.07,Early,26.22,16.34,3.45,15.14,29.41,3.6,25.98,68.16
527,Guernsey,8,785.25,Mid,18.38,14.99,6.34,26.02,21.11,4.7,17.31,66.03
528,Jersey,6,619.81,Late,22.93,17.0,3.67,22.64,26.71,4.71,27.83,78.71
529,Jersey,4,786.33,Late,27.39,12.1,7.26,20.07,29.72,3.87,22.72,74.52
530,Holstein,7,573.0,Mid,21.95,13.14,7.09,11.2,23.09,4.42,16.59,57.95
531,Guernsey,3,524.73,Mid,19.18,17.94,3.07,28.32,23.12,4.16,25.41,42.51
532,Jersey,9,602.46,Mid,24.82,13.95,7.48,22.31,27.64,4.45,22.79,59.04
533,Guernsey,6,575.8,Mid,27.36,16.78,3.14,13.85,30.68,4.79,19.47,67.57
534,Guernsey,3,442.27,Early,15.95,15.08,4.2,22.13,18.19,3.62,21.34,64.31
535,Holstein,5,656.33,Mid,26.65,18.84,3.16,23.55,31.72,4.67,19.48,61.53
536,Jersey,2,486.42,Early,27.32,19.62,4.68,20.52,32.11,4.24,18.95,58.75
537,Holstein,7,647.84,Late,21.92,19.07,5.57,24.36,25.97,4.35,17.45,51.75
538,Jersey,3,660.08,Mid,29.75,14.16,6.98,21.63,33.17,4.48,20.44,51.09
539,Jersey,2,460.81,Early,26.8,13.55,4.69,28.96,31.0,4.88,18.76,60.01
540,Jersey,6,424.54,Mid,26.6,15.8,6.53,11.07,28.75,3.59,25.25,46.42
541,Jersey,2,712.3,Late,26.22,12.06,3.94,12.12,27.83,3.54,25.26,53.63
542,Jersey,7,583.92,Late,17.26,12.21,6.75,13.47,18.22,3.77,22.53,52.96
543,Guernsey,3,423.27,Late,18.26,16.43,4.18,23.8,21.23,4.98,26.67,63.49
544,Holstein,5,797.95,Mid,21.96,16.16,3.72,22.91,25.42,4.57,27.62,42.67
545,Guernsey,8,423.11,Mid,18.96,19.96,3.93,27.84,23.12,4.42,23.7,73.19
546,Jersey,6,678.01,Early,21.23,13.61,3.91,24.66,24.2,3.57,24.28,62.5
547,Holstein,3,793.47,Late,28.33,14.06,5.56,20.17,31.55,4.82,19.24,66.83
548,Jersey,7,495.67,Mid,27.36,12.91,7.22,29.84,31.25,4.72,28.42,68.12
549,Holstein,6,456.9,Late,24.45,19.34,3.4,15.32,28.19,4.5,15.36,51.66
550,Guernsey,4,448.55,Late,27.87,18.22,6.53,26.66,32.97,4.01,20.23,58.81
551,Holstein,2,521.31,Early,26.76,18.58,6.27,18.54,30.7,3.61,25.83,78.25
552,Holstein,8,440.42,Early,21.43,19.22,7.36,22.97,25.08,4.37,16.2,70.67
553,Holstein,7,676.86,Early,18.02,16.2,4.22,24.55,20.97,4.58,17.75,78.78
554,Holstein,4,424.92,Early,22.71,15.61,5.25,22.68,25.96,3.64,23.84,69.85
555,Holstein,9,603.77,Late,26.04,14.64,7.63,12.81,27.92,4.45,23.4,47.02
556,Jersey,3,798.68,Early,21.55,16.71,6.3,18.86,24.35,3.93,26.08,42.58
557,Holstein,5,725.59,Early,25.0,15.63,4.94,21.23,28.44,4.65,27.19,63.11
558,Holstein,6,646.09,Early,16.41,15.61,3.66,26.98,19.24,4.31,16.93,54.31
559,Guernsey,2,522.5,Early,26.22,19.5,4.31,18.87,30.62,3.69,15.28,51.02
560,Holstein,6,649.56,Late,27.19,19.87,5.91,28.37,32.93,4.29,25.34,72.29
561,Guernsey,8,610.82,Early,25.6,18.37,6.59,18.81,29.31,4.09,19.52,54.68
562,Jersey,3,570.43,Late,29.51,18.05,3.62,20.98,34.45,3.77,24.39,52.68
563,Holstein,6,452.28,Mid,27.4,17.44,6.0,25.93,32.17,4.76,17.26,74.0
564,Guernsey,2,754.64,Late,28.55,13.33,5.75,21.66,31.77,3.52,22.04,73.85
565,Guernsey,3,579.91,Late,29.0,12.47,5.57,29.2,33.14,3.97,22.57,54.25
566,Jersey,6,477.85,Early,27.02,17.53,6.45,23.21,31.32,3.52,23.78,73.3
567,Holstein,5,547.1,Mid,25.11,17.83,7.19,20.45,28.74,3.64,22.7,74.03
568,Holstein,7,565.65,Mid,15.09,12.38,4.61,10.47,15.89,3.95,22.44,56.96
569,Guernsey,3,731.02,Mid,21.99,19.42,7.45,18.27,25.25,3.58,19.99,42.66
570,Holstein,7,693.45,Mid,23.57,12.73,3.8,15.98,25.65,4.39,16.07,40.06
571,Guernsey,9,707.72,Late,19.56,14.29,3.87,24.96,22.46,3.63,16.34,60.93
572,Holstein,3,404.41,Mid,19.77,17.38,4.33,14.17,22.2,4.55,21.51,53.76
573,Guernsey,5,566.46,Late,29.42,13.36,3.6,14.1,31.95,3.58,20.34,79.89
574,Holstein,7,592.54,Late,28.38,12.44,4.15,13.79,30.44,3.59,22.74,70.9
575,Jersey,4,407.68,Late,27.74,14.65,3.53,12.51,30.28,3.96,19.57,70.45
576,Holstein,2,503.93,Mid,21.09,18.13,7.11,16.22,23.77,4.84,25.32,78.21
577,Holstein,4,704.12,Early,15.21,15.31,3.69,27.72,17.85,4.46,27.96,75.51
578,Jersey,6,454.84,Early,16.2,17.22,6.74,25.5,18.89,4.66,19.48,52.73
579,Holstein,5,614.12,Mid,19.68,16.64,3.24,24.71,23.1,3.71,17.89,46.64
580,Jersey,4,486.08,Early,15.24,12.18,7.74,25.95,16.96,4.75,16.74,69.84
581,Holstein,3,404.85,Early,15.26,19.91,6.56,15.39,17.45,3.51,24.24,55.13
582,Guernsey,6,496.48,Late,28.75,12.33,3.03,27.75,32.97,3.82,21.66,58.93
583,Guernsey,6,790.35,Late,25.59,19.74,6.82,12.75,28.84,4.42,17.82,65.22
584,Holstein,4,720.61,Mid,19.63,16.4,5.57,16.73,21.98,4.06,24.8,76.31
585,Holstein,9,783.83,Mid,16.99,19.71,6.9,21.73,19.9,4.98,17.23,56.76
586,Holstein,4,595.14,Early,22.67,12.92,5.61,12.06,24.06,3.55,23.31,71.33
587,Guernsey,9,443.89,Late,15.08,15.92,6.21,24.6,17.36,5.0,22.91,50.73
588,Holstein,5,619.18,Mid,29.08,13.36,6.93,17.74,31.63,4.44,26.01,67.92
589,Guernsey,2,581.75,Mid,21.22,12.41,5.03,25.69,23.92,4.34,15.83,40.06
590,Jersey,4,737.74,Mid,21.04,16.94,3.01,19.86,24.27,3.59,28.32,74.86
591,Guernsey,8,439.23,Mid,20.86,13.66,7.25,13.62,22.29,3.91,25.54,41.22
592,Guernsey,9,595.3,Mid,16.04,16.7,4.9,24.7,18.7,4.89,18.24,68.51
593,Jersey,4,460.02,Mid,24.57,12.9,5.48,15.04,26.46,4.03,17.75,41.85
594,Guernsey,7,529.87,Early,26.0,14.66,3.04,19.82,29.39,4.49,21.47,50.65
595,Holstein,3,694.94,Late,25.14,18.25,5.46,11.51,27.97,5.0,27.26,59.89
596,Holstein,8,590.41,Late,17.08,15.5,7.93,22.36,19.25,3.89,27.64,56.8
597,Guernsey,8,550.36,Mid,23.68,17.02,4.39,23.32,27.58,4.36,22.81,47.67
598,Holstein,9,557.79,Late,23.54,17.18,4.98,17.57,26.71,4.54,27.91,53.35
599,Guernsey,7,583.78,Late,28.03,18.75,6.44,29.09,33.66,3.75,15.08,69.11
600,Holstein,7,714.01,Late,20.69,14.6,7.07,27.48,23.75,3.72,15.53,66.77
601,Holstein,6,756.83,Mid,20.57,17.5,5.09,24.16,24.07,4.18,28.68,42.87
602,Guernsey,9,782.13,Mid,24.28,19.69,4.55,24.27,29.03,4.08,26.63,69.89
603,Holstein,2,714.76,Late,24.5,17.84,7.69,15.05,27.32,4.57,21.76,42.12
604,Guernsey,3,526.16,Late,22.04,15.92,6.39,23.14,25.19,3.6,26.3,61.72
605,Holstein,5,675.25,Mid,21.65,17.05,3.6,13.96,24.3,4.96,29.33,50.4
606,Holstein,8,575.04,Early,22.41,17.92,3.34,12.88,25.25,3.52,26.58,63.51
607,Jersey,5,501.87,Late,27.92,16.9,5.42,29.99,33.28,4.4,27.64,50.45
608,Jersey,4,736.35,Early,21.92,12.13,4.1,22.45,24.4,4.34,26.41,79.4
609,Guernsey,4,415.37,Late,29.1,13.56,4.27,18.62,32.22,3.7,17.52,52.39
610,Jersey,5,760.7,Early,22.56,18.48,7.39,15.76,25.42,3.73,27.5,49.68
611,Guernsey,4,584.59,Early,29.24,14.18,3.45,22.08,33.19,4.69,17.93,51.14
612,Jersey,2,654.88,Early,27.49,17.85,6.58,10.99,30.25,4.83,28.39,75.86
613,Holstein,7,663.74,Mid,20.44,14.98,4.36,11.89,22.23,3.92,21.88,65.45
614,Guernsey,4,758.05,Early,27.95,16.18,6.8,10.66,30.22,4.16,25.15,69.23
615,Guernsey,6,654.67,Early,16.65,12.54,6.61,19.98,18.19,4.03,22.46,76.72
616,Holstein,4,645.57,Early,28.88,13.45,3.04,22.01,32.62,3.61,16.41,76.47
617,Guernsey,3,426.66,Late,24.47,19.66,5.55,11.25,27.53,4.51,19.36,69.56
618,Guernsey,2,607.36,Early,15.82,19.12,3.7,24.42,18.9,4.74,29.76,47.91
619,Jersey,3,460.07,Late,24.66,17.22,7.33,14.61,27.34,3.96,29.41,73.73
620,Guernsey,3,694.97,Early,29.61,15.68,7.36,23.7,33.71,4.99,19.81,48.15
621,Holstein,6,604.89,Early,16.05,17.41,5.09,29.64,19.21,3.61,29.94,69.72
622,Jersey,2,672.09,Mid,23.32,16.95,5.22,23.82,27.11,4.49,27.68,67.42
623,Jersey,2,416.67,Late,26.22,16.55,4.52,27.66,30.97,4.17,24.16,70.36
624,Holstein,9,433.92,Early,27.15,12.47,6.58,28.96,30.86,4.17,15.6,61.31
625,Holstein,2,686.53,Late,21.21,17.06,4.79,19.74,24.29,4.19,28.52,65.55
626,Jersey,2,428.83,Late,18.06,18.15,4.34,24.05,21.31,3.89,23.36,78.13
627,Guernsey,2,428.5,Mid,15.64,19.95,5.16,27.04,18.91,4.57,28.03,44.04
628,Jersey,6,404.84,Mid,23.7,12.09,3.46,17.13,25.82,4.58,27.52,52.35
629,Holstein,4,782.6,Mid,21.79,17.84,6.73,15.23,24.42,3.92,27.5,64.45
630,Jersey,9,695.0,Mid,29.23,16.57,3.06,28.93,34.93,4.75,25.47,78.56
631,Holstein,3,541.3,Mid,15.91,15.47,6.22,24.53,18.24,3.98,19.37,43.82
632,Jersey,2,518.61,Mid,25.28,13.02,3.91,14.39,27.37,4.59,20.04,40.9
633,Guernsey,8,539.88,Mid,15.37,15.27,4.16,18.98,17.32,3.68,19.63,42.23
634,Jersey,4,709.86,Mid,17.57,14.84,6.18,25.93,20.16,3.75,15.3,42.1
635,Jersey,4,664.55,Early,21.8,14.42,7.96,20.94,24.18,3.97,23.74,76.31
636,Holstein,3,474.08,Late,21.82,17.85,6.89,23.0,25.29,4.39,25.48,68.85
637,Holstein,6,469.64,Mid,25.29,17.61,4.13,25.08,29.86,4.47,27.81,67.08
638,Holstein,5,439.36,Mid,28.65,16.71,3.88,22.44,33.23,4.09,17.1,60.9
639,Jersey,5,664.12,Late,24.59,19.51,7.33,20.8,28.58,3.62,23.16,71.28
640,Guernsey,4,705.75,Early,29.3,14.8,5.22,24.99,33.6,4.06,15.12,46.23
641,Holstein,7,506.02,Late,28.22,13.95,3.69,24.55,32.28,4.53,16.43,55.68
642,Holstein,7,408.38,Late,23.77,17.25,7.31,22.6,27.31,4.51,15.81,59.6
643,Jersey,3,432.87,Mid,27.51,13.59,7.08,17.2,29.89,3.74,25.88,44.42
644,Holstein,5,787.14,Late,24.64,14.52,7.92,18.12,27.01,3.51,16.22,56.78
645,Guernsey,4,518.18,Late,16.18,13.8,7.55,29.41,18.56,4.63,25.75,52.66
646,Guernsey,6,707.69,Mid,26.11,12.55,7.26,12.25,27.43,3.66,18.74,41.42
647,Holstein,5,649.87,Mid,16.42,18.62,3.26,15.37,18.83,3.62,28.17,45.47
648,Holstein,4,552.78,Mid,23.91,14.04,3.52,19.85,26.83,3.5,27.2,70.56
649,Jersey,4,482.27,Mid,25.54,15.78,5.84,26.73,29.68,4.15,29.37,40.72
650,Guernsey,2,448.55,Late,16.0,12.35,5.66,13.27,16.98,4.25,28.26,77.37
651,Guernsey,6,646.01,Late,18.46,17.59,5.29,15.54,20.81,4.46,29.0,43.46
652,Holstein,2,709.85,Early,28.74,14.64,4.98,11.32,30.98,3.94,27.88,71.97
653,Jersey,3,657.56,Early,24.24,17.96,5.16,24.12,28.47,4.57,25.4,75.94
654,Guernsey,2,612.12,Late,18.69,15.3,5.85,14.76,20.51,3.75,17.55,77.65
655,Guernsey,8,416.78,Early,25.36,13.57,3.01,17.77,28.14,4.75,19.08,74.7
656,Jersey,2,787.4,Late,23.95,16.11,4.3,18.87,27.16,4.36,18.19,51.5
657,Jersey,8,719.49,Early,22.52,13.04,5.59,27.83,25.71,4.38,24.05,53.32
658,Guernsey,5,517.13,Mid,29.64,15.52,6.61,18.23,33.0,3.81,22.55,57.06
659,Guernsey,7,791.99,Early,25.25,14.54,3.87,12.9,27.54,3.61,28.01,45.57
660,Jersey,9,640.75,Mid,20.63,19.3,5.73,20.49,24.07,4.2,29.29,40.89
661,Guernsey,9,632.97,Mid,27.0,12.49,6.57,29.26,30.74,4.42,21.07,74.76
662,Holstein,4,699.23,Mid,28.27,17.55,5.22,22.15,32.8,3.64,22.6,62.17
663,Holstein,9,724.71,Mid,16.88,13.46,3.14,29.67,19.7,4.93,29.57,64.35
664,Jersey,8,662.59,Early,18.01,14.55,5.25,26.82,20.77,4.97,19.14,77.08
665,Jersey,6,451.24,Late,18.24,15.32,4.48,10.72,19.78,4.32,26.89,66.6
666,Jersey,2,535.31,Mid,25.37,19.26,7.65,23.17,29.69,4.93,18.38,67.63
667,Holstein,8,771.23,Early,24.05,13.94,3.62,15.74,26.46,3.77,25.22,71.48
668,Guernsey,6,489.85,Mid,24.28,12.73,6.26,21.19,26.76,3.54,18.8,44.65
669,Holstein,7,548.87,Early,29.11,14.55,3.26,15.59,32.23,3.56,28.26,54.41
670,Guernsey,9,572.83,Early,26.64,12.84,5.23,16.98,28.96,4.38,23.42,78.73
671,Holstein,7,575.76,Early,16.92,13.03,5.77,28.46,19.35,3.59,17.79,76.92
672,Guernsey,9,645.18,Late,20.21,16.59,4.49,14.13,22.52,4.94,18.37,75.36
673,Holstein,2,777.23,Early,21.53,12.49,5.28,27.48,24.46,3.71,22.41,58.08
674,Jersey,3,496.28,Early,20.94,12.25,3.82,10.61,22.12,3.96,29.42,74.29
675,Holstein,2,448.6,Late,25.04,17.72,4.52,11.82,27.89,4.73,26.54,41.94
676,Guernsey,5,478.99,Late,28.38,14.89,6.11,27.09,32.74,3.83,22.32,45.94
677,Holstein,8,754.77,Early,19.59,13.0,4.51,22.61,21.95,3.86,20.07,56.56
678,Holstein,4,658.32,Late,23.28,14.03,7.5,24.94,26.25,4.46,23.24,59.34
679,Holstein,3,514.36,Mid,26.84,17.14,6.14,14.19,29.84,3.91,26.23,50.54
680,Jersey,2,726.38,Mid,21.24,14.2,5.19,20.74,23.78,3.83,26.76,54.26
681,Holstein,6,744.55,Late,17.52,15.96,3.19,24.74,20.45,3.88,19.87,46.51
682,Jersey,3,738.61,Late,22.12,12.97,5.5,22.55,24.66,4.24,25.82,59.57
683,Jersey,8,767.57,Early,15.83,16.7,6.82,19.43,17.89,4.95,24.87,71.75
684,Holstein,9,500.9,Late,29.14,14.53,4.33,29.2,34.08,4.75,29.39,66.45
685,Holstein,3,702.02,Early,16.12,17.02,7.03,23.52,18.58,3.93,28.97,44.31
686,Holstein,9,584.22,Mid,21.58,18.47,4.26,28.16,25.99,4.05,26.84,59.5
687,Guernsey,8,736.8,Late,22.95,16.89,7.12,24.6,26.54,4.2,25.85,67.91
688,Holstein,2,691.4,Early,29.78,14.37,3.43,24.71,34.25,4.97,19.11,61.2
689,Jersey,8,710.58,Early,17.49,14.05,7.33,11.6,18.57,3.76,27.69,55.67
690,Holstein,3,662.46,Mid,16.72,14.62,5.5,17.19,18.47,4.04,21.41,64.88
691,Guernsey,6,470.97,Late,15.13,13.32,4.48,27.17,17.35,4.59,19.08,78.75
692,Holstein,7,618.01,Mid,17.33,13.45,4.33,14.65,18.82,4.95,20.76,43.8
693,Guernsey,3,793.87,Early,18.11,18.33,5.16,12.31,20.27,3.73,27.54,55.6
694,Guernsey,8,774.96,Early,24.46,15.08,8.0,16.52,26.74,3.84,17.23,56.26
695,Holstein,7,417.27,Late,18.3,15.49,4.1,14.41,20.25,3.84,21.84,63.08
696,Jersey,8,465.93,Early,15.31,16.75,3.52,28.51,18.26,3.53,22.39,46.09
697,Guernsey,6,452.69,Late,27.4,16.72,5.93,27.36,32.18,4.41,15.55,47.07
698,Holstein,8,690.39,Mid,20.48,12.54,5.44,19.99,22.49,4.51,17.94,51.41
699,Holstein,2,727.11,Late,20.31,18.65,5.62,11.23,22.64,4.4,27.4,78.23
700,Jersey,4,485.4,Late,19.54,13.42,6.33,24.29,21.96,3.61,27.46,69.36
701,Guernsey,9,602.34,Early,29.63,17.78,4.34,22.47,34.62,3.6,19.39,66.47
702,Guernsey,9,736.28,Early,17.55,18.18,7.55,29.41,20.9,3.82,28.12,72.68
703,Holstein,3,693.12,Late,28.47,17.72,5.18,21.18,32.95,3.94,26.58,45.1
704,Holstein,4,616.89,Early,26.65,16.63,3.65,16.73,30.16,4.68,21.27,74.37
705,Jersey,8,636.14,Early,16.15,12.12,6.71,20.38,17.6,3.74,26.23,63.79
706,Jersey,6,603.34,Early,29.8,14.88,6.22,29.59,34.74,3.57,29.42,53.41
707,Guernsey,3,519.02,Late,19.07,16.84,4.58,23.93,22.22,4.09,21.88,72.63
708,Guernsey,8,626.01,Early,16.48,15.1,6.11,23.44,18.75,4.12,18.58,72.1
709,Holstein,7,675.55,Late,27.44,18.91,4.1,14.81,31.35,4.18,29.13,73.83
710,Guernsey,5,749.33,Early,25.6,14.47,5.22,24.87,29.26,4.74,24.06,44.62
711,Jersey,8,654.52,Mid,24.26,14.35,7.5,25.01,27.44,3.65,16.58,78.77
712,Jersey,4,704.45,Early,17.34,14.13,3.67,16.35,19.16,4.56,23.59,78.39
713,Holstein,3,464.03,Early,22.18,14.66,4.93,19.67,24.85,4.01,22.51,54.3
714,Jersey,4,584.62,Late,26.71,16.46,7.11,15.89,29.61,3.96,27.83,42.64
715,Jersey,3,403.73,Late,19.55,17.66,7.85,15.17,21.76,4.9,22.96,46.68
716,Jersey,8,498.67,Early,19.68,17.3,5.27,10.52,21.63,3.87,18.83,79.71
717,Jersey,2,690.58,Mid,15.05,18.46,5.53,15.7,17.09,4.46,25.13,62.52
718,Holstein,7,796.72,Early,17.61,19.09,5.86,21.08,20.55,3.91,23.14,54.26
719,Holstein,8,439.67,Early,28.13,18.53,7.66,10.03,30.86,4.26,18.5,51.53
720,Guernsey,9,560.6,Mid,21.63,12.15,7.29,15.66,23.0,4.68,23.6,50.28
721,Jersey,4,720.03,Late,29.76,17.89,3.85,27.63,35.65,4.82,27.32,66.57
722,Guernsey,5,481.61,Early,20.94,13.67,5.18,21.87,23.46,4.76,15.43,56.78
723,Holstein,5,622.03,Late,25.73,13.06,5.32,22.16,28.68,4.37,24.46,78.62
724,Holstein,6,693.23,Late,19.23,17.11,6.95,18.07,21.67,3.87,20.24,67.35
725,Holstein,3,646.39,Mid,20.46,14.56,6.01,23.53,23.19,4.49,19.39,71.68
726,Holstein,4,475.21,Mid,17.86,12.46,6.27,13.8,18.97,4.56,20.89,51.71
727,Holstein,6,542.15,Late,20.21,13.1,7.99,26.37,22.69,3.52,20.13,43.17
728,Holstein,4,713.52,Early,23.21,12.01,3.37,12.33,24.72,4.16,27.48,59.51
729,Holstein,9,621.69,Late,29.88,19.23,4.12,23.12,35.48,4.76,19.12,52.58
730,Jersey,3,402.09,Early,24.96,12.2,5.04,16.82,26.98,4.23,26.0,48.08
731,Guernsey,8,704.4,Early,17.99,13.68,4.74,24.95,20.47,3.97,16.41,78.11
732,Holstein,8,414.12,Mid,15.67,15.33,3.11,21.0,17.91,4.81,29.27,57.76
733,Jersey,5,698.29,Early,16.9,14.85,3.46,19.05,19.04,3.73,24.33,46.99
734,Jersey,8,480.99,Early,23.44,19.29,6.4,13.39,26.44,3.81,25.6,47.95
735,Guernsey,8,783.23,Late,26.48,12.32,7.4,22.74,29.13,4.53,19.47,51.23
736,Holstein,9,547.18,Mid,29.11,16.1,5.57,29.5,34.37,4.03,21.18,79.97
737,Guernsey,2,530.77,Early,15.24,17.44,5.7,26.51,17.96,4.57,18.36,50.72
738,Holstein,5,459.56,Early,22.84,19.45,4.28,11.2,25.79,3.74,28.99,53.15
739,Jersey,6,522.24,Mid,22.06,16.96,6.84,17.52,24.77,3.88,22.32,66.37
740,Jersey,7,750.66,Late,24.84,18.43,6.76,28.51,29.64,3.73,24.46,51.76
741,Jersey,2,798.53,Mid,23.39,12.67,5.94,20.06,25.67,4.93,26.01,48.63
742,Jersey,6,547.32,Mid,25.31,15.09,4.06,23.24,29.03,4.11,20.57,46.35
743,Guernsey,3,579.44,Early,24.87,14.99,3.49,28.25,29.19,4.01,25.8,52.51
744,Holstein,2,688.83,Early,16.76,19.09,3.32,27.48,20.31,3.52,25.14,44.24
745,Holstein,9,754.48,Late,27.0,13.21,5.96,20.04,29.77,3.73,25.58,40.75
746,Guernsey,6,637.22,Early,16.85,13.22,7.13,18.75,18.37,4.13,22.34,72.19
747,Holstein,3,556.61,Early,25.48,14.63,7.29,16.79,27.87,3.6,20.74,45.52
748,Jersey,5,565.05,Mid,21.24,12.44,5.32,24.38,23.78,4.27,18.33,71.04
749,Holstein,7,678.25,Early,22.71,13.46,6.92,15.74,24.5,4.18,27.37,71.9
750,Jersey,3,401.29,Late,28.55,19.72,7.73,15.0,32.36,4.65,24.13,61.52
751,Guernsey,8,647.84,Mid,28.35,15.43,4.38,17.12,31.7,4.49,21.67,52.39
752,Holstein,4,542.2,Late,27.27,17.06,4.99,13.54,30.36,4.17,29.16,45.8
753,Guernsey,3,717.68,Mid,22.65,17.81,7.66,23.9,26.26,3.84,15.72,69.47
754,Holstein,3,437.2,Early,26.04,14.94,4.69,22.32,29.62,4.59,27.75,64.06
755,Jersey,7,635.28,Mid,22.69,13.18,7.57,19.66,24.78,4.56,29.96,66.22
756,Guernsey,4,592.39,Mid,28.04,13.65,7.91,17.81,30.45,3.73,28.3,40.35
757,Holstein,8,656.93,Early,21.04,14.51,6.31,28.18,24.29,4.87,27.16,77.1
758,Jersey,6,425.94,Early,29.55,17.09,7.08,10.58,32.16,3.6,20.61,42.65
759,Guernsey,6,631.99,Late,28.98,15.19,6.75,25.38,33.18,3.58,18.47,54.67
760,Guernsey,3,624.59,Late,26.12,12.05,6.5,28.04,29.47,3.78,26.02,56.11
761,Holstein,9,624.26,Early,19.19,16.19,4.53,18.93,21.76,4.86,19.57,40.05
762,Holstein,9,641.4,Early,16.97,19.37,3.29,21.01,20.06,4.28,17.64,59.88
763,Holstein,4,670.59,Early,27.82,18.5,4.72,28.89,33.55,4.68,26.8,70.11
764,Jersey,4,722.0,Mid,17.48,18.6,6.33,14.25,19.68,3.84,19.69,72.93
765,Holstein,8,507.93,Mid,27.81,18.36,3.51,20.4,32.48,4.24,28.72,75.18
766,Guernsey,7,730.02,Mid,22.36,14.59,3.06,19.49,25.22,4.04,27.61,59.51
767,Guernsey,5,599.3,Early,21.1,18.12,3.7,15.17,24.02,4.74,27.71,65.23
768,Holstein,6,430.82,Late,28.55,13.15,6.58,26.37,32.27,3.53,26.57,43.18
769,Holstein,7,423.42,Early,24.06,17.26,7.86,27.99,28.23,3.87,28.21,59.52
770,Guernsey,2,533.7,Mid,23.65,17.13,7.92,25.64,27.43,3.73,27.09,46.19
771,Jersey,6,713.96,Mid,23.38,12.2,5.47,13.91,24.88,4.79,24.04,54.79
772,Holstein,7,683.07,Early,20.57,18.3,7.35,11.73,22.73,4.2,19.44,53.17
773,Holstein,6,715.45,Early,26.78,19.23,6.68,22.11,31.32,4.11,28.32,56.94
774,Guernsey,5,606.91,Mid,18.79,14.14,5.51,11.14,20.1,4.17,27.61,62.87
775,Holstein,2,576.08,Mid,29.08,18.5,5.86,23.46,34.11,4.96,22.09,76.12
776,Jersey,9,458.98,Mid,28.41,12.66,3.69,20.61,31.57,4.78,15.59,55.78
777,Guernsey,9,531.28,Early,20.06,16.8,7.69,23.26,22.99,4.56,24.58,79.25
778,Holstein,5,573.61,Mid,25.94,15.89,4.76,21.8,29.68,3.94,15.76,70.36
779,Guernsey,8,435.44,Mid,23.6,16.37,5.23,18.45,26.66,3.75,28.89,60.46
780,Holstein,2,488.24,Late,20.06,19.41,6.36,14.02,22.72,4.88,29.42,65.76
781,Holstein,3,639.29,Early,29.83,18.97,4.67,16.11,34.21,4.13,17.84,44.09
782,Holstein,7,694.27,Late,15.38,18.28,4.27,20.49,17.9,3.92,25.15,73.78
783,Jersey,2,799.34,Late,18.79,14.19,6.16,23.04,21.16,4.21,16.38,63.29
784,Jersey,8,773.25,Mid,22.8,19.29,3.12,25.59,27.48,4.88,25.94,79.44
785,Guernsey,8,657.03,Early,22.83,12.78,6.6,25.34,25.6,4.08,20.21,65.46
786,Holstein,5,568.5,Mid,23.83,18.83,5.57,29.45,28.78,4.34,25.22,73.36
787,Holstein,6,654.47,Early,26.28,14.63,6.03,15.72,28.77,4.7,20.59,71.99
788,Jersey,2,714.26,Late,24.35,12.43,6.16,11.42,25.58,4.14,17.18,53.82
789,Holstein,7,447.33,Early,24.0,17.35,5.64,16.91,27.12,3.85,21.09,50.38
790,Jersey,2,563.96,Mid,15.8,13.85,5.91,24.87,17.91,4.99,16.69,57.22
791,Holstein,4,735.92,Mid,20.65,13.95,6.42,18.76,22.74,4.93,23.65,58.69
792,Guernsey,6,553.53,Mid,18.48,14.45,6.77,26.36,21.11,4.77,15.61,49.6
793,Holstein,7,628.75,Early,18.98,12.51,6.64,20.99,20.82,4.53,22.91,75.78
794,Holstein,9,635.11,Late,23.32,13.42,7.35,28.6,26.6,3.94,28.3,61.7
795,Jersey,7,473.79,Late,17.99,12.04,3.95,28.96,20.61,4.87,27.57,79.14
796,Holstein,3,544.89,Early,19.41,15.56,5.01,11.39,21.11,3.91,28.24,72.4
797,Holstein,5,533.8,Mid,18.56,12.67,7.74,19.13,20.11,4.7,28.83,62.23
798,Jersey,3,410.48,Late,29.23,17.46,4.98,22.19,33.93,4.88,16.57,77.88
799,Guernsey,7,409.68,Mid,29.17,13.88,3.62,15.12,31.98,4.4,16.93,60.19
800,Guernsey,6,732.68,Early,24.15,19.55,5.63,18.14,27.97,4.7,23.36,75.48
801,Jersey,2,509.23,Mid,28.87,18.97,3.55,23.55,34.35,4.69,28.41,54.33
802,Jersey,9,607.23,Late,26.79,14.32,4.01,14.53,29.36,3.79,29.62,55.15
803,Jersey,2,519.49,Late,23.85,18.27,7.99,22.04,27.5,4.5,15.69,56.73
804,Jersey,6,776.27,Mid,15.1,18.43,5.71,23.95,17.75,3.64,20.34,61.87
805,Jersey,7,503.72,Early,26.59,19.89,4.42,11.81,30.2,4.26,18.19,62.14
806,Guernsey,8,571.86,Mid,25.54,16.78,7.97,19.95,28.8,3.74,26.34,59.86
807,Guernsey,2,749.09,Early,24.23,12.66,7.83,15.26,25.77,4.12,24.6,52.24
808,Jersey,8,736.77,Mid,26.41,17.17,5.2,24.49,30.85,4.75,16.8,77.09
809,Holstein,2,474.44,Late,22.69,17.0,4.3,13.79,25.35,4.98,22.25,63.54
810,Jersey,2,721.06,Early,25.56,17.11,7.19,27.84,30.02,3.98,25.28,56.31
811,Holstein,9,583.27,Early,29.03,14.46,6.58,18.62,32.07,4.3,26.69,66.05
812,Jersey,5,593.19,Early,20.64,18.88,6.43,13.96,23.25,4.27,15.3,70.72
813,Jersey,5,453.39,Late,25.62,19.68,7.47,18.76,29.55,4.93,28.36,78.43
814,Guernsey,4,432.24,Mid,22.14,13.74,6.45,18.17,24.27,4.22,23.54,59.98
815,Holstein,3,691.18,Late,25.12,12.71,4.42,18.58,27.58,4.55,27.18,44.48
816,Holstein,6,598.58,Early,26.44,13.56,6.47,21.71,29.4,4.88,27.12,57.63
817,Guernsey,6,574.74,Mid,15.68,18.56,4.53,20.42,18.27,4.06,17.85,59.16
818,Guernsey,6,691.8,Late,24.7,17.41,6.8,13.0,27.3,4.85,16.65,75.88
819,Guernsey,4,706.21,Early,18.4,17.09,6.1,11.31,20.18,4.88,25.82,55.79
820,Guernsey,5,463.56,Early,25.05,15.21,3.39,24.59,29.01,4.9,17.35,78.13
821,Holstein,7,644.09,Late,22.02,16.62,5.56,21.19,25.2,3.91,27.75,59.41
822,Holstein,8,454.14,Late,26.6,14.46,4.72,17.18,29.44,4.1,25.89,78.95
823,Jersey,9,700.55,Late,16.85,15.82,4.64,26.17,19.64,4.81,27.63,40.33
824,Jersey,8,662.78,Early,24.39,18.34,6.01,17.76,27.86,4.04,19.49,75.95
825,Guernsey,7,782.65,Late,19.18,19.85,4.61,25.92,23.11,4.4,19.75,77.24
826,Guernsey,9,427.58,Early,27.79,19.46,6.88,16.12,31.7,3.68,25.07,78.44
827,Guernsey,4,422.82,Late,28.93,19.47,3.35,11.46,32.84,3.58,15.47,40.52
828,Jersey,7,512.87,Early,29.95,15.22,6.3,28.65,34.86,4.12,25.9,46.87
829,Jersey,6,504.68,Early,26.94,15.75,7.05,17.89,29.95,4.37,27.54,66.15
830,Jersey,3,498.79,Mid,26.31,17.65,6.36,25.85,30.89,4.09,21.23,41.02
831,Jersey,2,762.5,Late,18.23,19.38,5.49,15.58,20.86,4.37,26.47,42.54
832,Jersey,8,499.82,Late,20.04,13.14,7.75,22.93,22.19,4.27,17.62,48.84
833,Jersey,5,508.78,Early,21.99,14.43,4.5,27.47,25.49,4.53,19.83,60.5
834,Jersey,5,703.76,Early,26.6,13.11,3.1,10.83,28.46,4.47,29.61,61.84
835,Guernsey,4,579.9,Early,28.72,16.9,5.16,26.61,33.78,4.14,29.79,41.37
836,Guernsey,9,710.68,Mid,17.84,14.45,3.17,21.43,20.26,4.14,22.69,46.81
837,Guernsey,5,426.15,Mid,28.84,14.61,7.77,22.15,32.24,3.71,29.01,59.99
838,Guernsey,6,595.03,Early,25.43,12.57,4.05,20.46,28.17,4.27,22.84,63.76
839,Jersey,8,413.45,Late,24.16,14.8,6.94,27.49,27.8,4.38,19.37,45.94
840,Holstein,7,425.06,Late,18.0,18.9,6.87,10.87,19.96,4.21,19.0,55.95
841,Jersey,6,762.57,Mid,15.83,13.86,4.09,15.22,17.32,3.99,28.94,76.18
842,Holstein,4,455.7,Mid,23.53,17.56,6.11,27.52,27.83,4.58,17.59,79.96
843,Guernsey,6,612.97,Early,24.77,17.04,3.24,25.05,29.21,3.61,23.69,79.49
844,Jersey,7,564.44,Late,18.16,18.91,5.42,10.35,20.23,4.87,23.33,75.27
845,Guernsey,3,538.94,Early,23.35,13.06,3.07,20.34,26.08,3.53,26.09,55.79
846,Jersey,4,759.93,Mid,27.85,19.82,7.61,20.59,32.39,4.94,22.49,67.46
847,Guernsey,3,408.73,Late,27.53,16.66,7.88,18.02,30.76,4.19,19.08,56.66
848,Holstein,2,665.52,Late,28.91,19.96,4.11,15.95,33.5,4.12,17.54,65.94
849,Holstein,3,785.36,Mid,20.49,19.29,4.04,23.63,24.4,3.88,24.31,52.38
850,Holstein,2,624.07,Early,19.77,13.77,6.77,14.16,21.25,3.52,25.78,64.25
851,Jersey,2,774.73,Early,26.24,12.45,4.27,25.98,29.73,3.91,23.54,60.95
852,Holstein,3,420.9,Late,21.47,14.05,7.48,26.06,24.33,3.66,26.08,40.98
853,Jersey,4,567.52,Mid,16.31,16.22,5.87,18.31,18.34,4.49,17.12,71.63
854,Holstein,9,504.06,Late,19.24,13.37,4.75,15.67,20.94,3.98,28.24,40.48
855,Holstein,7,692.33,Mid,21.28,13.34,7.16,15.68,22.9,4.65,23.74,51.73
856,Jersey,6,792.52,Early,19.39,15.7,5.47,19.65,21.87,3.81,16.9,40.24
857,Jersey,6,502.61,Mid,19.98,12.27,7.56,24.39,22.11,4.85,21.93,55.05
858,Holstein,7,661.67,Early,19.41,12.98,7.64,17.18,20.91,4.28,27.67,42.53
859,Jersey,8,479.24,Mid,15.62,15.33,3.83,22.2,17.89,3.67,28.46,76.54
860,Holstein,8,626.13,Late,24.56,12.51,3.01,17.65,26.97,4.1,18.97,56.63
861,Jersey,2,585.57,Early,23.96,15.17,7.92,16.09,26.18,3.81,25.67,58.38
862,Guernsey,2,788.8,Late,24.8,15.79,7.53,10.5,26.6,3.8,16.5,53.99
863,Guernsey,4,643.41,Late,17.88,15.61,3.28,10.08,19.49,4.26,15.5,65.1
864,Guernsey,5,539.8,Early,19.43,18.95,7.17,14.54,21.88,4.51,23.41,71.38
865,Guernsey,3,445.64,Early,24.29,16.24,5.29,18.13,27.37,4.87,25.42,65.93
866,Guernsey,2,460.5,Late,23.99,15.74,4.29,27.03,28.09,4.25,26.94,69.93
867,Holstein,6,490.13,Late,22.59,15.29,7.39,25.97,25.88,4.95,20.1,76.24
868,Guernsey,4,500.39,Late,20.26,18.54,3.98,15.34,23.14,4.91,15.1,74.54
869,Guernsey,3,740.25,Late,28.69,19.16,7.74,14.89,32.34,4.8,22.19,66.96
870,Guernsey,4,624.49,Early,20.1,18.83,4.03,14.55,22.93,4.25,15.24,48.59
871,Guernsey,3,609.36,Early,21.83,17.39,6.07,16.78,24.61,3.71,16.38,65.51
872,Jersey,3,445.91,Late,25.17,13.1,4.12,19.96,27.94,3.83,19.9,60.24
873,Holstein,7,744.06,Mid,23.15,14.21,5.73,18.77,25.63,4.47,21.56,68.69
874,Guernsey,2,689.13,Mid,20.2,12.37,6.42,14.37,21.48,4.13,19.19,73.32
875,Guernsey,9,427.07,Early,21.53,19.45,3.95,12.61,24.5,3.72,23.73,69.71
876,Guernsey,4,683.13,Late,26.92,17.29,5.6,10.25,29.51,4.22,15.83,73.86
877,Holstein,9,617.42,Late,19.17,17.97,5.35,13.08,21.44,3.53,17.17,42.55
878,Jersey,4,432.69,Early,17.13,14.49,3.36,24.11,19.68,4.6,25.43,41.26
879,Holstein,7,583.32,Mid,19.7,18.77,7.09,14.87,22.19,3.61,17.13,50.34
880,Jersey,6,593.88,Mid,27.74,14.08,4.68,19.37,30.91,4.44,24.6,76.03
881,Guernsey,9,466.31,Mid,16.33,12.01,5.87,21.83,17.96,4.69,15.82,72.95
882,Guernsey,6,778.28,Early,29.88,15.01,5.57,27.74,34.69,3.7,21.11,67.31
883,Holstein,8,739.99,Mid,23.12,16.57,5.57,27.78,27.21,4.28,17.66,68.03
884,Holstein,2,667.61,Early,29.77,15.83,3.54,24.91,34.69,4.67,16.64,69.07
885,Jersey,2,584.92,Early,29.08,18.9,5.12,10.7,32.48,3.89,23.51,77.7
886,Jersey,5,564.71,Late,21.79,12.84,5.26,21.5,24.18,3.74,28.93,73.29
887,Holstein,7,660.39,Mid,17.98,16.43,6.67,25.73,20.85,4.01,15.82,64.94
888,Jersey,6,618.17,Early,17.47,16.1,7.2,10.35,18.81,4.33,21.32,66.63
889,Holstein,3,424.91,Mid,18.6,14.25,5.72,20.99,20.81,4.36,25.61,48.55
890,Jersey,4,605.0,Mid,25.65,18.58,3.43,27.16,30.89,3.7,21.94,66.29
891,Holstein,2,722.56,Late,19.09,18.02,4.18,19.48,22.08,4.19,27.1,56.99
892,Holstein,9,583.7,Mid,20.12,17.86,3.82,10.08,22.33,3.9,17.69,46.12
893,Holstein,4,420.78,Late,21.73,19.01,3.62,10.22,24.4,4.76,29.39,72.26
894,Jersey,4,714.51,Early,28.7,17.78,4.83,18.33,32.87,3.97,20.78,60.41
895,Jersey,5,480.55,Mid,17.84,13.85,4.15,13.1,19.33,4.76,20.12,79.1
896,Jersey,6,503.45,Early,15.08,17.64,4.09,23.29,17.68,4.14,28.12,51.27
897,Holstein,2,465.88,Mid,15.9,14.46,3.27,24.18,18.27,4.59,23.46,59.23
898,Jersey,4,532.09,Early,28.57,13.94,3.09,13.56,31.19,4.27,22.75,57.92
899,Jersey,2,702.7,Mid,24.71,12.58,3.51,27.77,28.34,4.43,25.9,44.83
900,Holstein,3,607.75,Mid,19.1,17.95,3.86,18.84,22.05,4.09,23.7,57.04
901,Guernsey,5,481.95,Mid,17.66,17.69,5.15,12.86,19.7,4.65,17.44,51.5
902,Holstein,3,751.13,Mid,19.41,13.88,5.55,25.29,22.08,4.14,25.11,46.41
903,Jersey,2,751.83,Mid,16.72,18.0,3.7,25.8,19.91,4.19,17.0,51.29
904,Holstein,8,748.23,Mid,29.12,19.34,5.12,22.79,34.41,4.28,27.09,49.33
905,Guernsey,9,495.52,Mid,26.76,12.86,4.71,27.07,30.52,4.75,29.85,69.36
906,Holstein,2,580.5,Mid,21.94,13.86,3.92,24.75,25.07,4.49,20.66,41.23
907,Jersey,6,794.0,Mid,27.97,18.0,3.03,27.64,33.65,4.02,21.67,64.7
908,Guernsey,4,708.8,Early,18.74,14.2,5.34,18.68,20.78,4.51,15.7,70.43
909,Jersey,4,410.87,Late,25.76,17.0,6.43,24.95,29.95,4.46,15.21,59.23
910,Guernsey,3,426.08,Mid,27.84,12.65,4.13,30.0,32.18,4.9,28.82,77.26
911,Guernsey,9,585.57,Late,20.35,15.62,3.66,24.5,23.61,4.76,16.93,68.32
912,Holstein,5,763.69,Mid,26.36,17.91,7.44,12.28,29.08,4.47,21.69,69.92
913,Holstein,8,615.48,Mid,19.43,17.49,4.38,20.37,22.44,4.01,27.23,47.88
914,Jersey,7,599.13,Early,19.48,18.52,4.12,21.75,22.86,4.67,28.34,71.09
915,Holstein,9,442.19,Early,16.61,19.02,7.29,13.48,18.62,4.36,22.79,73.28
916,Holstein,4,662.71,Late,21.6,18.19,7.09,29.26,25.76,4.98,23.48,54.45
917,Guernsey,6,728.84,Early,25.95,17.37,5.24,13.51,28.94,3.87,25.05,48.53
918,Holstein,9,552.17,Early,29.1,12.25,5.45,13.55,30.93,3.62,29.42,55.4
919,Guernsey,3,710.24,Late,24.06,16.28,4.09,28.3,28.48,3.6,24.04,69.58
920,Guernsey,3,785.79,Early,27.95,12.3,3.39,19.3,30.82,4.46,23.39,56.71
921,Guernsey,7,481.51,Mid,27.34,18.46,5.87,11.26,30.39,4.91,15.22,69.47
922,Jersey,6,609.33,Late,17.6,14.57,3.49,21.96,20.03,3.5,16.21,44.54
923,Jersey,5,514.86,Late,22.29,16.5,5.25,22.04,25.61,4.59,23.66,72.24
924,Jersey,9,717.14,Mid,16.75,14.24,7.7,11.29,17.76,4.49,29.04,50.13
925,Guernsey,6,631.04,Early,25.23,18.26,7.76,29.45,30.05,4.6,28.0,49.96
926,Jersey,5,653.83,Late,29.25,19.09,4.2,20.88,34.35,4.03,29.74,63.62
927,Jersey,6,719.17,Late,17.06,15.19,6.12,21.2,19.23,4.73,22.92,42.8
928,Holstein,6,558.39,Mid,26.01,18.9,5.37,20.4,30.28,3.57,26.82,41.05
929,Jersey,2,766.04,Mid,24.48,14.14,7.38,22.21,27.31,4.63,27.61,50.44
930,Jersey,3,613.21,Early,23.75,16.28,4.36,15.29,26.54,3.9,24.72,61.52
931,Guernsey,9,463.18,Late,20.85,18.87,3.02,15.74,24.03,4.22,20.08,76.3
932,Guernsey,6,678.36,Early,20.33,14.61,3.81,20.23,22.94,4.73,22.05,73.86
933,Guernsey,9,717.3,Early,15.68,19.63,4.75,26.13,18.87,3.91,27.87,59.62
934,Guernsey,7,526.7,Mid,18.27,12.98,4.58,11.0,19.4,3.78,19.48,41.48
935,Guernsey,6,742.87,Late,15.23,12.15,6.96,22.07,16.71,4.52,28.86,61.41
936,Guernsey,4,762.46,Late,23.72,19.23,6.4,26.14,28.25,4.3,18.45,68.19
937,Jersey,3,510.76,Late,16.59,12.55,4.5,13.14,17.73,4.27,26.24,53.57
938,Guernsey,4,793.41,Mid,28.1,19.94,5.29,10.3,31.6,3.89,24.46,44.44
939,Guernsey,9,456.28,Mid,22.85,19.61,3.48,16.25,26.5,3.55,26.24,51.14
940,Holstein,9,480.81,Mid,25.5,13.1,7.49,21.76,28.11,4.12,21.56,70.86
941,Jersey,3,473.69,Mid,21.16,16.3,7.68,12.77,23.03,3.66,28.99,54.05
942,Jersey,9,757.6,Mid,23.41,13.48,7.9,18.52,25.47,4.86,24.49,72.48
943,Jersey,4,661.72,Late,29.14,15.43,7.34,21.05,32.72,3.56,19.32,52.78
944,Guernsey,6,460.84,Early,16.24,12.49,3.87,21.98,18.11,4.15,24.58,46.54
945,Guernsey,6,576.13,Late,18.81,13.79,3.23,15.49,20.68,3.58,19.3,57.43
946,Guernsey,2,646.12,Early,26.7,14.91,5.9,18.0,29.63,3.64,19.4,58.09
947,Holstein,7,433.39,Mid,16.48,15.51,7.56,25.57,18.87,4.49,20.99,40.64
948,Guernsey,9,752.97,Early,16.13,19.82,3.89,28.82,19.72,4.47,27.79,44.68
949,Holstein,4,721.44,Late,20.42,18.46,3.04,27.24,24.62,3.55,22.5,47.4
950,Jersey,9,602.08,Late,16.38,17.9,7.03,21.29,18.84,3.5,25.18,44.54
951,Guernsey,9,786.85,Early,23.78,16.3,3.38,18.21,27.04,3.62,20.88,53.66
952,Holstein,5,567.1,Mid,18.39,18.72,5.07,16.66,21.06,4.64,18.95,78.58
953,Holstein,2,793.64,Mid,28.44,14.71,6.39,12.5,30.65,4.38,29.32,60.37
954,Guernsey,4,667.17,Late,26.75,17.67,4.18,12.13,29.87,3.56,24.05,65.1
955,Jersey,4,653.87,Early,25.5,19.95,3.42,23.77,30.63,4.23,29.01,54.26
956,Jersey,9,466.38,Mid,24.25,14.52,6.85,15.2,26.36,4.57,18.05,52.94
957,Jersey,2,752.77,Mid,27.95,17.39,6.15,15.09,31.26,4.8,17.2,40.93
958,Holstein,6,571.0,Late,18.35,18.75,7.94,29.96,21.98,4.9,27.84,60.01
959,Holstein,4,464.89,Mid,28.1,19.33,4.72,13.76,31.99,3.99,25.21,59.34
960,Holstein,6,405.04,Early,26.84,17.74,3.31,12.96,30.21,3.7,17.8,46.31
961,Holstein,2,623.9,Late,26.22,14.27,6.67,11.97,28.03,3.86,19.04,70.57
962,Jersey,6,610.96,Late,23.42,14.61,5.61,21.6,26.37,4.66,27.01,59.71
963,Guernsey,3,687.74,Early,18.69,12.17,4.07,22.56,20.82,4.96,21.81,53.56
964,Holstein,5,756.1,Late,21.35,18.09,6.91,17.3,24.19,4.2,25.06,45.88
965,Holstein,8,431.76,Mid,26.9,12.34,4.02,20.71,29.77,3.96,19.78,62.09
966,Jersey,4,692.6,Mid,15.48,18.92,4.3,25.77,18.52,4.14,20.72,70.11
967,Guernsey,7,474.96,Early,26.73,12.95,3.46,26.36,30.58,3.96,29.86,51.28
968,Guernsey,5,743.27,Mid,18.6,13.38,5.0,29.16,21.48,3.88,18.71,48.75
969,Jersey,8,727.63,Early,17.16,15.81,5.09,26.49,19.99,4.39,22.6,60.88
970,Jersey,6,616.32,Early,16.74,17.9,5.57,21.3,19.38,3.52,27.67,46.21
971,Guernsey,4,684.1,Mid,15.41,13.11,6.54,13.59,16.43,3.89,18.59,66.66
972,Holstein,6,525.74,Early,22.85,15.52,7.53,12.0,24.62,4.49,21.23,64.21
973,Guernsey,3,588.47,Mid,18.27,15.86,3.69,11.09,20.02,3.55,24.23,43.48
974,Jersey,2,728.65,Late,29.84,13.7,3.27,23.33,33.94,3.62,22.22,41.46
975,Holstein,4,583.71,Late,23.62,12.92,3.09,26.15,27.03,3.94,21.89,64.81
976,Holstein,8,543.12,Early,17.07,18.69,3.72,20.17,19.96,4.82,20.44,51.77
977,Jersey,8,597.68,Mid,25.33,16.02,6.29,11.09,27.46,4.65,23.8,43.46
978,Jersey,3,731.3,Mid,28.47,12.12,6.64,20.71,31.08,3.53,24.37,70.38
979,Jersey,3,534.08,Late,26.18,18.42,6.93,28.71,31.24,4.25,24.8,52.56
980,Guernsey,9,469.5,Late,16.15,19.85,4.22,21.95,19.17,3.91,16.06,58.38
981,Guernsey,4,684.81,Mid,28.44,16.85,4.53,26.19,33.47,4.47,24.47,49.47
982,Holstein,6,730.39,Early,26.91,16.03,5.42,26.0,31.3,4.58,29.3,65.09
983,Jersey,7,440.25,Late,17.37,19.03,3.32,28.64,21.14,4.79,23.11,52.06
984,Holstein,8,495.95,Early,15.78,19.62,6.06,25.4,18.82,4.21,25.73,78.72
985,Holstein,8,456.79,Early,23.36,18.04,7.92,24.95,27.23,4.99,23.35,68.12
986,Holstein,3,539.18,Late,17.34,15.56,4.8,14.68,19.16,4.97,27.82,45.47
987,Holstein,5,580.14,Early,27.52,16.74,6.76,11.2,29.99,4.82,28.94,56.67
988,Jersey,3,699.53,Early,20.38,17.61,5.5,20.35,23.44,4.36,17.76,55.42
989,Holstein,7,660.46,Mid,28.69,13.55,3.64,12.49,30.98,4.1,21.55,61.37
990,Jersey,6,648.37,Early,23.49,15.58,5.91,29.24,27.54,4.05,20.89,73.68
991,Jersey,6,540.95,Mid,17.74,18.64,4.5,15.8,20.28,3.52,21.08,63.34
992,Guernsey,5,736.58,Late,17.09,17.24,3.17,27.06,20.37,3.87,16.88,42.46
993,Jersey,8,588.51,Late,23.65,15.29,6.17,17.75,26.27,4.58,27.2,66.22
994,Guernsey,3,791.64,Mid,26.43,17.31,7.29,16.46,29.57,4.41,15.54,40.33
995,Jersey,9,653.66,Late,26.72,12.95,4.72,28.7,30.71,4.87,22.92,71.2
996,Jersey,6,450.51,Early,19.14,15.21,4.95,17.27,21.32,3.58,24.93,66.67
997,Jersey,7,670.47,Early,18.06,18.35,7.46,17.81,20.5,3.73,18.11,52.35
998,Guernsey,4,530.04,Early,15.25,13.76,7.07,12.12,16.21,4.68,28.59,51.7
999,Guernsey,2,674.53,Late,25.19,13.49,6.57,23.41,28.19,4.04,27.58,71.93
1000,Holstein,2,427.86,Early,16.15,19.61,4.24,15.78,18.63,3.68,22.07,71.33
